-- phpMyAdmin SQL Dump
-- version 4.9.2
-- https://www.phpmyadmin.net/
--
-- Host: localhost
-- Generation Time: Mar 21, 2023 at 01:20 PM
-- Server version: 10.4.21-MariaDB
-- PHP Version: 8.1.6

SET SQL_MODE = "NO_AUTO_VALUE_ON_ZERO";
SET AUTOCOMMIT = 0;
START TRANSACTION;
SET time_zone = "+00:00";


/*!40101 SET @OLD_CHARACTER_SET_CLIENT=@@CHARACTER_SET_CLIENT */;
/*!40101 SET @OLD_CHARACTER_SET_RESULTS=@@CHARACTER_SET_RESULTS */;
/*!40101 SET @OLD_COLLATION_CONNECTION=@@COLLATION_CONNECTION */;
/*!40101 SET NAMES utf8mb4 */;

--
-- Database: `markdb`
--

-- --------------------------------------------------------

--
-- Table structure for table `accountdetails`
--

CREATE TABLE `accountdetails` (
  `id` bigint(20) UNSIGNED NOT NULL,
  `user_id` bigint(20) UNSIGNED NOT NULL,
  `business_name` varchar(191) COLLATE utf8mb4_unicode_ci NOT NULL,
  `shipment_quantity` int(10) UNSIGNED NOT NULL,
  `bank_name` varchar(191) COLLATE utf8mb4_unicode_ci NOT NULL,
  `bank_account_title` varchar(191) COLLATE utf8mb4_unicode_ci NOT NULL,
  `bank_account_number` varchar(191) COLLATE utf8mb4_unicode_ci NOT NULL,
  `created_at` timestamp NULL DEFAULT NULL,
  `updated_at` timestamp NULL DEFAULT NULL
) ENGINE=InnoDB DEFAULT CHARSET=utf8mb4 COLLATE=utf8mb4_unicode_ci;

--
-- Dumping data for table `accountdetails`
--

INSERT INTO `accountdetails` (`id`, `user_id`, `business_name`, `shipment_quantity`, `bank_name`, `bank_account_title`, `bank_account_number`, `created_at`, `updated_at`) VALUES
(2, 7, 'Muhammad Affan Younus', 35, 'UBL - United Bank Limited.', 'Muhammad Affan Younus', '0845249249136', '2023-03-21 07:20:55', '2023-03-21 07:20:55');

-- --------------------------------------------------------

--
-- Table structure for table `addresslogs`
--

CREATE TABLE `addresslogs` (
  `id` bigint(20) UNSIGNED NOT NULL,
  `user_id` bigint(20) UNSIGNED NOT NULL,
  `city_id` bigint(20) UNSIGNED NOT NULL,
  `created_by` varchar(191) COLLATE utf8mb4_unicode_ci NOT NULL,
  `consignee_alias` varchar(191) COLLATE utf8mb4_unicode_ci NOT NULL,
  `consignee_name` varchar(191) COLLATE utf8mb4_unicode_ci NOT NULL,
  `consignee_contact` varchar(191) COLLATE utf8mb4_unicode_ci NOT NULL,
  `consignee_address` varchar(191) COLLATE utf8mb4_unicode_ci NOT NULL,
  `created_at` timestamp NULL DEFAULT NULL,
  `updated_at` timestamp NULL DEFAULT NULL
) ENGINE=InnoDB DEFAULT CHARSET=utf8mb4 COLLATE=utf8mb4_unicode_ci;

-- --------------------------------------------------------

--
-- Table structure for table `categories`
--

CREATE TABLE `categories` (
  `id` int(10) UNSIGNED NOT NULL,
  `parent_id` int(10) UNSIGNED DEFAULT NULL,
  `order` int(11) NOT NULL DEFAULT 1,
  `name` varchar(191) COLLATE utf8mb4_unicode_ci NOT NULL,
  `slug` varchar(191) COLLATE utf8mb4_unicode_ci NOT NULL,
  `created_at` timestamp NULL DEFAULT NULL,
  `updated_at` timestamp NULL DEFAULT NULL
) ENGINE=InnoDB DEFAULT CHARSET=utf8mb4 COLLATE=utf8mb4_unicode_ci;

--
-- Dumping data for table `categories`
--

INSERT INTO `categories` (`id`, `parent_id`, `order`, `name`, `slug`, `created_at`, `updated_at`) VALUES
(1, NULL, 1, 'Category 1', 'category-1', '2023-03-21 03:35:01', '2023-03-21 03:35:01'),
(2, NULL, 1, 'Category 2', 'category-2', '2023-03-21 03:35:01', '2023-03-21 03:35:01');

-- --------------------------------------------------------

--
-- Table structure for table `cities`
--

CREATE TABLE `cities` (
  `id` bigint(20) UNSIGNED NOT NULL,
  `city_name` varchar(191) COLLATE utf8mb4_unicode_ci NOT NULL,
  `is_enabled` tinyint(1) NOT NULL DEFAULT 0,
  `initial_weight_limit` varchar(191) COLLATE utf8mb4_unicode_ci NOT NULL,
  `initial_weight_price` varchar(191) COLLATE utf8mb4_unicode_ci NOT NULL,
  `additional_weight_price` varchar(191) COLLATE utf8mb4_unicode_ci NOT NULL,
  `delivery_time` varchar(191) COLLATE utf8mb4_unicode_ci DEFAULT NULL,
  `created_at` timestamp NULL DEFAULT NULL,
  `updated_at` timestamp NULL DEFAULT NULL
) ENGINE=InnoDB DEFAULT CHARSET=utf8mb4 COLLATE=utf8mb4_unicode_ci;

--
-- Dumping data for table `cities`
--

INSERT INTO `cities` (`id`, `city_name`, `is_enabled`, `initial_weight_limit`, `initial_weight_price`, `additional_weight_price`, `delivery_time`, `created_at`, `updated_at`) VALUES
(1, 'ABBOTABAD', 1, '2', '250', '160', '4-5 DAYS', '2023-03-21 01:55:28', '2023-03-21 01:55:28'),
(2, 'ADDA JOHAL 97 / RB', 1, '2', '250', '160', '5-6 DAYS', '2023-03-21 01:55:28', '2023-03-21 01:55:28'),
(3, 'ABDUL HAKIM', 1, '2', '250', '160', '5-6 DAYS', '2023-03-21 01:55:28', '2023-03-21 01:55:28'),
(4, 'ADDA SHEIKH WAN', 1, '2', '250', '160', '5-6 DAYS', '2023-03-21 01:55:28', '2023-03-21 01:55:28'),
(5, 'ADDA SIRAJ', 1, '2', '250', '160', '5-6 DAYS', '2023-03-21 01:55:28', '2023-03-21 01:55:28'),
(6, 'AHMED PUR EAST', 1, '2', '250', '160', '5-6 DAYS', '2023-03-21 01:55:28', '2023-03-21 01:55:28'),
(7, 'AHMED PUR SIAL', 1, '2', '250', '160', '5-6 DAYS', '2023-03-21 01:55:28', '2023-03-21 01:55:28'),
(8, 'AJNIA WALA', 1, '2', '250', '160', '5-6 DAYS', '2023-03-21 01:55:28', '2023-03-21 01:55:28'),
(9, 'AKHTAR ABAD', 1, '2', '250', '160', '5-6 DAYS', '2023-03-21 01:55:28', '2023-03-21 01:55:28'),
(10, 'AKORA KHATAK', 1, '2', '250', '160', '6-7 DAYS', '2023-03-21 01:55:28', '2023-03-21 01:55:28'),
(11, 'ALI PUR CHATHA', 1, '2', '250', '160', '5-6 DAYS', '2023-03-21 01:55:28', '2023-03-21 01:55:28'),
(12, 'ALIPUR', 1, '2', '250', '160', '5-6 DAYS', '2023-03-21 01:55:28', '2023-03-21 01:55:28'),
(13, 'ALLAH ABAD', 1, '2', '250', '160', '5-6 DAYS', '2023-03-21 01:55:28', '2023-03-21 01:55:28'),
(14, 'AMANGARH', 1, '2', '250', '160', '6-7 DAYS', '2023-03-21 01:55:28', '2023-03-21 01:55:28'),
(15, 'ARIFWALA', 1, '2', '250', '160', '3-4 DAYS', '2023-03-21 01:55:28', '2023-03-21 01:55:28'),
(16, 'ATTOCK', 1, '2', '250', '160', '3-4 DAYS', '2023-03-21 01:55:28', '2023-03-21 01:55:28'),
(17, 'AYUBIA', 1, '2', '250', '160', '6-7 DAYS', '2023-03-21 01:55:28', '2023-03-21 01:55:28'),
(18, 'BADIN', 1, '2', '250', '160', '5-6 DAYS', '2023-03-21 01:55:28', '2023-03-21 01:55:28'),
(19, 'BADOMALI', 1, '2', '250', '160', '5-6 DAYS', '2023-03-21 01:55:28', '2023-03-21 01:55:28'),
(20, 'BAFFA', 1, '2', '250', '160', '6-7 DAYS', '2023-03-21 01:55:28', '2023-03-21 01:55:28'),
(21, 'BAGH', 1, '2', '250', '160', '4-5 DAYS', '2023-03-21 01:55:28', '2023-03-21 01:55:28'),
(22, 'BAGHATANWALA', 1, '2', '250', '160', '5-6 DAYS', '2023-03-21 01:55:28', '2023-03-21 01:55:28'),
(23, 'BAHAWALNAGAR', 1, '2', '250', '160', '3-4 DAYS', '2023-03-21 01:55:28', '2023-03-21 01:55:28'),
(24, 'BAHAWALPUR', 1, '2', '250', '160', '2-3 DAYS', '2023-03-21 01:55:28', '2023-03-21 01:55:28'),
(25, 'BAHTAR MORE', 1, '2', '250', '160', '5-6 DAYS', '2023-03-21 01:55:28', '2023-03-21 01:55:28'),
(26, 'BAIG PUR', 1, '2', '250', '160', '5-6 DAYS', '2023-03-21 01:55:28', '2023-03-21 01:55:28'),
(27, 'BALAM BUT', 1, '2', '250', '160', '6-7 DAYS', '2023-03-21 01:55:29', '2023-03-21 01:55:29'),
(28, 'BANNU', 1, '2', '250', '160', '6-7 DAYS', '2023-03-21 01:55:29', '2023-03-21 01:55:29'),
(29, 'BARA MARKET', 1, '2', '250', '160', '6-7 DAYS', '2023-03-21 01:55:29', '2023-03-21 01:55:29'),
(30, 'BARAH KHU', 1, '2', '250', '160', '5-6 DAYS', '2023-03-21 01:55:29', '2023-03-21 01:55:29'),
(31, 'BARI KOT', 1, '2', '250', '160', '6-7 DAYS', '2023-03-21 01:55:29', '2023-03-21 01:55:29'),
(32, 'BASHARAT', 1, '2', '250', '160', '5-6 DAYS', '2023-03-21 01:55:29', '2023-03-21 01:55:29'),
(33, 'BASIRPUR', 1, '2', '250', '160', '5-6 DAYS', '2023-03-21 01:55:29', '2023-03-21 01:55:29'),
(34, 'BASTI MALOOK', 1, '2', '250', '160', '5-6 DAYS', '2023-03-21 01:55:29', '2023-03-21 01:55:29'),
(35, 'BATGRAM', 1, '2', '250', '160', '6-7 DAYS', '2023-03-21 01:55:29', '2023-03-21 01:55:29'),
(36, 'BATKHELA', 1, '2', '250', '160', '6-7 DAYS', '2023-03-21 01:55:29', '2023-03-21 01:55:29'),
(37, 'BHAI PHERU', 1, '2', '250', '160', '5-6 DAYS', '2023-03-21 01:55:29', '2023-03-21 01:55:29'),
(38, 'BHAKKAR', 1, '2', '250', '160', '3-4 DAYS', '2023-03-21 01:55:29', '2023-03-21 01:55:29'),
(39, 'BHALWAAL', 1, '2', '250', '160', '5-6 DAYS', '2023-03-21 01:55:29', '2023-03-21 01:55:29'),
(40, 'BHERA', 1, '2', '250', '160', '5-6 DAYS', '2023-03-21 01:55:29', '2023-03-21 01:55:29'),
(41, 'BHIKKI', 1, '2', '250', '160', '5-6 DAYS', '2023-03-21 01:55:29', '2023-03-21 01:55:29'),
(42, 'BHIMBER (AJK)', 1, '2', '250', '160', '5-6 DAYS', '2023-03-21 01:55:29', '2023-03-21 01:55:29'),
(43, 'BHOWANA', 1, '2', '250', '160', '5-6 DAYS', '2023-03-21 01:55:29', '2023-03-21 01:55:29'),
(44, 'BHURBUN (P.C. HOTEL)', 1, '2', '250', '160', '5-6 DAYS', '2023-03-21 01:55:29', '2023-03-21 01:55:29'),
(45, 'BONGA HAYAT', 1, '2', '250', '160', '5-6 DAYS', '2023-03-21 01:55:29', '2023-03-21 01:55:29'),
(46, 'BUCHEKE', 1, '2', '250', '160', '5-6 DAYS', '2023-03-21 01:55:29', '2023-03-21 01:55:29'),
(47, 'BUNER', 1, '2', '250', '160', '6-7 DAYS', '2023-03-21 01:55:29', '2023-03-21 01:55:29'),
(48, 'BUREWALA', 1, '2', '250', '160', '3-4 DAYS', '2023-03-21 01:55:29', '2023-03-21 01:55:29'),
(49, 'CADET COLLEGE SUNNY BANK', 1, '2', '250', '160', '5-6 DAYS', '2023-03-21 01:55:29', '2023-03-21 01:55:29'),
(50, 'CHAK JHUMRA', 1, '2', '250', '160', '5-6 DAYS', '2023-03-21 01:55:29', '2023-03-21 01:55:29'),
(51, 'CHAK PARANA', 1, '2', '250', '160', '5-6 DAYS', '2023-03-21 01:55:29', '2023-03-21 01:55:29'),
(52, 'CHAKDARA', 1, '2', '250', '160', '6-7 DAYS', '2023-03-21 01:55:29', '2023-03-21 01:55:29'),
(53, 'CHAKLALA', 1, '2', '250', '160', '5-6 DAYS', '2023-03-21 01:55:29', '2023-03-21 01:55:29'),
(54, 'CHAKRI', 1, '2', '250', '160', '5-6 DAYS', '2023-03-21 01:55:29', '2023-03-21 01:55:29'),
(55, 'CHAKWAL', 1, '2', '250', '160', '3-4 DAYS', '2023-03-21 01:55:29', '2023-03-21 01:55:29'),
(56, 'CHAMAN', 1, '2', '250', '160', '6-7 DAYS', '2023-03-21 01:55:29', '2023-03-21 01:55:29'),
(57, 'CHANGA MANGA', 1, '2', '250', '160', '5-6 DAYS', '2023-03-21 01:55:29', '2023-03-21 01:55:29'),
(58, 'CHAR BAGH', 1, '2', '250', '160', '6-7 DAYS', '2023-03-21 01:55:29', '2023-03-21 01:55:29'),
(59, 'CHARSADDA', 1, '2', '250', '160', '6-7 DAYS', '2023-03-21 01:55:29', '2023-03-21 01:55:29'),
(60, 'CHAWINDA', 1, '2', '250', '160', '5-6 DAYS', '2023-03-21 01:55:29', '2023-03-21 01:55:29'),
(61, 'CHICHAWATNEE', 1, '2', '250', '160', '3-4 DAYS', '2023-03-21 01:55:29', '2023-03-21 01:55:29'),
(62, 'CHINIOT', 1, '2', '250', '160', '3-4 DAYS', '2023-03-21 01:55:29', '2023-03-21 01:55:29'),
(63, 'CHISTIAN', 1, '2', '250', '160', '3-4 DAYS', '2023-03-21 01:55:29', '2023-03-21 01:55:29'),
(64, 'CHITRAL', 1, '2', '250', '160', '5-6 DAYS', '2023-03-21 01:55:29', '2023-03-21 01:55:29'),
(65, 'CHOA SAIDAN SHAH', 1, '2', '250', '160', '5-6 DAYS', '2023-03-21 01:55:29', '2023-03-21 01:55:29'),
(66, 'CHOBARA', 1, '2', '250', '160', '5-6 DAYS', '2023-03-21 01:55:29', '2023-03-21 01:55:29'),
(67, 'CHOTA LAHORE', 1, '2', '250', '160', '6-7 DAYS', '2023-03-21 01:55:29', '2023-03-21 01:55:29'),
(68, 'CHOWK AZAM', 1, '2', '250', '160', '5-6 DAYS', '2023-03-21 01:55:29', '2023-03-21 01:55:29'),
(69, 'CHOWK PANDORI', 1, '2', '250', '160', '5-6 DAYS', '2023-03-21 01:55:29', '2023-03-21 01:55:29'),
(70, 'CHUNIAN', 1, '2', '250', '160', '5-6 DAYS', '2023-03-21 01:55:29', '2023-03-21 01:55:29'),
(71, 'DADU', 1, '2', '250', '160', '5-6 DAYS', '2023-03-21 01:55:29', '2023-03-21 01:55:29'),
(72, 'DADYAL (AJK)', 1, '2', '250', '160', '6-7 DAYS', '2023-03-21 01:55:29', '2023-03-21 01:55:29'),
(73, 'DAKWALA', 1, '2', '250', '160', '5-6 DAYS', '2023-03-21 01:55:29', '2023-03-21 01:55:29'),
(74, 'DALBANDIN', 1, '2', '250', '160', '6-7 DAYS', '2023-03-21 01:55:29', '2023-03-21 01:55:29'),
(75, 'DAOOD ZAI', 1, '2', '250', '160', '6-7 DAYS', '2023-03-21 01:55:29', '2023-03-21 01:55:29'),
(76, 'DARGAI', 1, '2', '250', '160', '6-7 DAYS', '2023-03-21 01:55:29', '2023-03-21 01:55:29'),
(77, 'DARYA KHAN', 1, '2', '250', '160', '6-7 DAYS', '2023-03-21 01:55:29', '2023-03-21 01:55:29'),
(78, 'DASKA', 1, '2', '250', '160', '3-4 DAYS', '2023-03-21 01:55:29', '2023-03-21 01:55:29'),
(79, 'DAUL TALA', 1, '2', '250', '160', '5-6 DAYS', '2023-03-21 01:55:29', '2023-03-21 01:55:29'),
(80, 'DEHARKI', 1, '2', '250', '160', '5-6 DAYS', '2023-03-21 01:55:29', '2023-03-21 01:55:29'),
(81, 'DEPALPUR', 1, '2', '250', '160', '5-6 DAYS', '2023-03-21 01:55:29', '2023-03-21 01:55:29'),
(82, 'DERA ALLAH YAR', 1, '2', '250', '160', '5-6 DAYS', '2023-03-21 01:55:29', '2023-03-21 01:55:29'),
(83, 'DERA GHAZI KHAN', 1, '2', '250', '160', '3-4 DAYS', '2023-03-21 01:55:29', '2023-03-21 01:55:29'),
(84, 'DERA ISMAIL KHAN', 1, '2', '250', '160', '3-4 DAYS', '2023-03-21 01:55:29', '2023-03-21 01:55:29'),
(85, 'DERA MURAD JAMALI', 1, '2', '250', '160', '5-6 DAYS', '2023-03-21 01:55:29', '2023-03-21 01:55:29'),
(86, 'DERA NAWAB', 1, '2', '250', '160', '5-6 DAYS', '2023-03-21 01:55:29', '2023-03-21 01:55:29'),
(87, 'DEWALAY', 1, '2', '250', '160', '6-7 DAYS', '2023-03-21 01:55:29', '2023-03-21 01:55:29'),
(88, 'DHABJEE', 1, '2', '250', '160', '5-6 DAYS', '2023-03-21 01:55:29', '2023-03-21 01:55:29'),
(89, 'DHUDIAL', 1, '2', '250', '160', '5-6 DAYS', '2023-03-21 01:55:29', '2023-03-21 01:55:29'),
(90, 'DIGRI', 1, '2', '250', '160', '5-6 DAYS', '2023-03-21 01:55:29', '2023-03-21 01:55:29'),
(91, 'DIJKOT', 1, '2', '250', '160', '5-6 DAYS', '2023-03-21 01:55:29', '2023-03-21 01:55:29'),
(92, 'DINA', 1, '2', '250', '160', '5-6 DAYS', '2023-03-21 01:55:29', '2023-03-21 01:55:29'),
(93, 'DINGA', 1, '2', '250', '160', '5-6 DAYS', '2023-03-21 01:55:29', '2023-03-21 01:55:29'),
(94, 'DISTT. COMPLEX', 1, '2', '250', '160', '5-6 DAYS', '2023-03-21 01:55:29', '2023-03-21 01:55:29'),
(95, 'DOABA', 1, '2', '250', '160', '6-7 DAYS', '2023-03-21 01:55:29', '2023-03-21 01:55:29'),
(96, 'DOKRI', 1, '2', '250', '160', '5-6 DAYS', '2023-03-21 01:55:29', '2023-03-21 01:55:29'),
(97, 'DONGA BONGA', 1, '2', '250', '160', '5-6 DAYS', '2023-03-21 01:55:29', '2023-03-21 01:55:29'),
(98, 'DULLE WALA', 1, '2', '250', '160', '6-7 DAYS', '2023-03-21 01:55:29', '2023-03-21 01:55:29'),
(99, 'DUNIAPUR', 1, '2', '250', '160', '5-6 DAYS', '2023-03-21 01:55:29', '2023-03-21 01:55:29'),
(100, 'F.F.C. PLANT', 1, '2', '250', '160', '5-6 DAYS', '2023-03-21 01:55:29', '2023-03-21 01:55:29'),
(101, 'FAISALABAD', 1, '2', '250', '160', '2-3 DAYS', '2023-03-21 01:55:29', '2023-03-21 01:55:29'),
(102, 'FAQIRWALI', 1, '2', '250', '160', '5-6 DAYS', '2023-03-21 01:55:29', '2023-03-21 01:55:29'),
(103, 'FAROKA', 1, '2', '250', '160', '5-6 DAYS', '2023-03-21 01:55:29', '2023-03-21 01:55:29'),
(104, 'FAROOQABAD', 1, '2', '250', '160', '5-6 DAYS', '2023-03-21 01:55:29', '2023-03-21 01:55:29'),
(105, 'FATEH JANG', 1, '2', '250', '160', '5-6 DAYS', '2023-03-21 01:55:29', '2023-03-21 01:55:29'),
(106, 'FATEH PUR', 1, '2', '250', '160', '5-6 DAYS', '2023-03-21 01:55:29', '2023-03-21 01:55:29'),
(107, 'FATEH PUR KAMAL', 1, '2', '250', '160', '5-6 DAYS', '2023-03-21 01:55:29', '2023-03-21 01:55:29'),
(108, 'FAZIL PUR', 1, '2', '250', '160', '5-6 DAYS', '2023-03-21 01:55:29', '2023-03-21 01:55:29'),
(109, 'FEROZ WATWAN', 1, '2', '250', '160', '5-6 DAYS', '2023-03-21 01:55:29', '2023-03-21 01:55:29'),
(110, 'FKPCL POWER PLANT', 1, '2', '250', '160', '5-6 DAYS', '2023-03-21 01:55:29', '2023-03-21 01:55:29'),
(111, 'FORT ABBAS', 1, '2', '250', '160', '3-4 DAYS', '2023-03-21 01:55:29', '2023-03-21 01:55:29'),
(112, 'GAGGO MANDI', 1, '2', '250', '160', '5-6 DAYS', '2023-03-21 01:55:29', '2023-03-21 01:55:29'),
(113, 'GAMBAT', 1, '2', '250', '160', '5-6 DAYS', '2023-03-21 01:55:29', '2023-03-21 01:55:29'),
(114, 'GAMBER', 1, '2', '250', '160', '5-6 DAYS', '2023-03-21 01:55:29', '2023-03-21 01:55:29'),
(115, 'GARHA MORE', 1, '2', '250', '160', '5-6 DAYS', '2023-03-21 01:55:29', '2023-03-21 01:55:29'),
(116, 'GATWALA 199 / RB', 1, '2', '250', '160', '5-6 DAYS', '2023-03-21 01:55:29', '2023-03-21 01:55:29'),
(117, 'GAWADER', 1, '2', '250', '160', '6-7 DAYS', '2023-03-21 01:55:29', '2023-03-21 01:55:29'),
(118, 'GHAKKAR MANDI', 1, '2', '250', '160', '5-6 DAYS', '2023-03-21 01:55:29', '2023-03-21 01:55:29'),
(119, 'GHARIBWAL CEMENT', 1, '2', '250', '160', '5-6 DAYS', '2023-03-21 01:55:29', '2023-03-21 01:55:29'),
(120, 'GHARO', 1, '2', '250', '160', '5-6 DAYS', '2023-03-21 01:55:29', '2023-03-21 01:55:29'),
(121, 'GHAZI', 1, '2', '250', '160', '5-6 DAYS', '2023-03-21 01:55:29', '2023-03-21 01:55:29'),
(122, 'GHAZIABAD', 1, '2', '250', '160', '5-6 DAYS', '2023-03-21 01:55:29', '2023-03-21 01:55:29'),
(123, 'GHIKA GALI', 1, '2', '250', '160', '5-6 DAYS', '2023-03-21 01:55:29', '2023-03-21 01:55:29'),
(124, 'GHORA GALI', 1, '2', '250', '160', '5-6 DAYS', '2023-03-21 01:55:29', '2023-03-21 01:55:29'),
(125, 'GHOTKI', 1, '2', '250', '160', '5-6 DAYS', '2023-03-21 01:55:29', '2023-03-21 01:55:29'),
(126, 'GHOUR GHUSTI', 1, '2', '250', '160', '5-6 DAYS', '2023-03-21 01:55:29', '2023-03-21 01:55:29'),
(127, 'GHOUS PUR', 1, '2', '250', '160', '5-6 DAYS', '2023-03-21 01:55:29', '2023-03-21 01:55:29'),
(128, 'GILGIT', 1, '2', '250', '160', '5-6 DAYS', '2023-03-21 01:55:29', '2023-03-21 01:55:29'),
(129, 'GOJRA', 1, '2', '250', '160', '5-6 DAYS', '2023-03-21 01:55:29', '2023-03-21 01:55:29'),
(130, 'GOLARCHI', 1, '2', '250', '160', '5-6 DAYS', '2023-03-21 01:55:29', '2023-03-21 01:55:29'),
(131, 'GOTH MACHI', 1, '2', '250', '160', '5-6 DAYS', '2023-03-21 01:55:29', '2023-03-21 01:55:29'),
(132, 'GUJAR KHAN', 1, '2', '250', '160', '4-5 DAYS', '2023-03-21 01:55:29', '2023-03-21 01:55:29'),
(133, 'GUJRANWALA', 1, '2', '250', '160', '2-3 DAYS', '2023-03-21 01:55:29', '2023-03-21 01:55:29'),
(134, 'GUJRAT', 1, '2', '250', '160', '3-4 DAYS', '2023-03-21 01:55:29', '2023-03-21 01:55:29'),
(135, 'GULYANA', 1, '2', '250', '160', '5-6 DAYS', '2023-03-21 01:55:29', '2023-03-21 01:55:29'),
(136, 'HAFIZABAD', 1, '2', '250', '160', '3-4 DAYS', '2023-03-21 01:55:29', '2023-03-21 01:55:29'),
(137, 'HAJEERA', 1, '2', '250', '160', '6-7 DAYS', '2023-03-21 01:55:29', '2023-03-21 01:55:29'),
(138, 'HAKEEM ABAD', 1, '2', '250', '160', '6-7 DAYS', '2023-03-21 01:55:29', '2023-03-21 01:55:29'),
(139, 'HALA', 1, '2', '250', '160', '5-6 DAYS', '2023-03-21 01:55:29', '2023-03-21 01:55:29'),
(140, 'HANGU', 1, '2', '250', '160', '6-7 DAYS', '2023-03-21 01:55:29', '2023-03-21 01:55:29'),
(141, 'HARAPPA', 1, '2', '250', '160', '5-6 DAYS', '2023-03-21 01:55:29', '2023-03-21 01:55:29'),
(142, 'HARIPUR', 1, '2', '250', '160', '4-5 DAYS', '2023-03-21 01:55:29', '2023-03-21 01:55:29'),
(143, 'HARNAL', 1, '2', '250', '160', '5-6 DAYS', '2023-03-21 01:55:29', '2023-03-21 01:55:29'),
(144, 'HAROONABAD', 1, '2', '250', '160', '3-4 DAYS', '2023-03-21 01:55:29', '2023-03-21 01:55:29'),
(145, 'HASANABDAAL', 1, '2', '250', '160', '5-6 DAYS', '2023-03-21 01:55:29', '2023-03-21 01:55:29'),
(146, 'HASEEB WAQAS MILLS', 1, '2', '250', '160', '5-6 DAYS', '2023-03-21 01:55:29', '2023-03-21 01:55:29'),
(147, 'HASIL PUR', 1, '2', '250', '160', '5-6 DAYS', '2023-03-21 01:55:29', '2023-03-21 01:55:29'),
(148, 'HATIA BALA', 1, '2', '250', '160', '6-7 DAYS', '2023-03-21 01:55:29', '2023-03-21 01:55:29'),
(149, 'HATTAR', 1, '2', '250', '160', '6-7 DAYS', '2023-03-21 01:55:29', '2023-03-21 01:55:29'),
(150, 'HAVELI LAKHA', 1, '2', '250', '160', '5-6 DAYS', '2023-03-21 01:55:29', '2023-03-21 01:55:29'),
(151, 'HAVELIAN', 1, '2', '250', '160', '6-7 DAYS', '2023-03-21 01:55:29', '2023-03-21 01:55:29'),
(152, 'HAZARA UNIVERSITY', 1, '2', '250', '160', '6-7 DAYS', '2023-03-21 01:55:29', '2023-03-21 01:55:29'),
(153, 'HAZRO', 1, '2', '250', '160', '5-6 DAYS', '2023-03-21 01:55:29', '2023-03-21 01:55:29'),
(154, 'HEAD BALOKI ROAD', 1, '2', '250', '160', '5-6 DAYS', '2023-03-21 01:55:29', '2023-03-21 01:55:29'),
(155, 'HEADMARALA', 1, '2', '250', '160', '5-6 DAYS', '2023-03-21 01:55:29', '2023-03-21 01:55:29'),
(156, 'HUB CHOWKI', 1, '2', '250', '160', '5-6 DAYS', '2023-03-21 01:55:29', '2023-03-21 01:55:29'),
(157, 'HUJRA SHAH MUKEEM', 1, '2', '250', '160', '5-6 DAYS', '2023-03-21 01:55:29', '2023-03-21 01:55:29'),
(158, 'HUSRI', 1, '2', '250', '160', '5-6 DAYS', '2023-03-21 01:55:29', '2023-03-21 01:55:29'),
(159, 'HYDERABAD', 1, '2', '250', '160', '2-3 DAYS', '2023-03-21 01:55:29', '2023-03-21 01:55:29'),
(160, 'IQBAL ABAD', 1, '2', '250', '160', '5-6 DAYS', '2023-03-21 01:55:29', '2023-03-21 01:55:29'),
(161, 'IQBAL NAGAR', 1, '2', '250', '160', '5-6 DAYS', '2023-03-21 01:55:29', '2023-03-21 01:55:29'),
(162, 'ISLAMABAD', 1, '2', '250', '160', '2-3 DAYS', '2023-03-21 01:55:29', '2023-03-21 01:55:29'),
(163, 'JACABABAD', 1, '2', '250', '160', '5-6 DAYS', '2023-03-21 01:55:29', '2023-03-21 01:55:29'),
(164, 'JAFFARABAD', 1, '2', '250', '160', '5-6 DAYS', '2023-03-21 01:55:29', '2023-03-21 01:55:29'),
(165, 'JAHANIAN', 1, '2', '250', '160', '5-6 DAYS', '2023-03-21 01:55:29', '2023-03-21 01:55:29'),
(166, 'JALALPUR BHATTIAN', 1, '2', '250', '160', '5-6 DAYS', '2023-03-21 01:55:29', '2023-03-21 01:55:29'),
(167, 'JALALPUR JATTAN', 1, '2', '250', '160', '5-6 DAYS', '2023-03-21 01:55:29', '2023-03-21 01:55:29'),
(168, 'JALALPURPIRWALA', 1, '2', '250', '160', '5-6 DAYS', '2023-03-21 01:55:29', '2023-03-21 01:55:29'),
(169, 'JAMPUR', 1, '2', '250', '160', '5-6 DAYS', '2023-03-21 01:55:29', '2023-03-21 01:55:29'),
(170, 'JAMSHERO', 1, '2', '250', '160', '5-6 DAYS', '2023-03-21 01:55:29', '2023-03-21 01:55:29'),
(171, 'JANDIA SHER KHAN', 1, '2', '250', '160', '5-6 DAYS', '2023-03-21 01:55:29', '2023-03-21 01:55:29'),
(172, 'JARANWALA', 1, '2', '250', '160', '3-4 DAYS', '2023-03-21 01:55:29', '2023-03-21 01:55:29'),
(173, 'JATOI', 1, '2', '250', '160', '5-6 DAYS', '2023-03-21 01:55:29', '2023-03-21 01:55:29'),
(174, 'JEHANGIRA', 1, '2', '250', '160', '6-7 DAYS', '2023-03-21 01:55:29', '2023-03-21 01:55:29'),
(175, 'JEHLUM', 1, '2', '250', '160', '3-4 DAYS', '2023-03-21 01:55:29', '2023-03-21 01:55:29'),
(176, 'JHABRAN MANDI', 1, '2', '250', '160', '5-6 DAYS', '2023-03-21 01:55:29', '2023-03-21 01:55:29'),
(177, 'JHANG', 1, '2', '250', '160', '3-4 DAYS', '2023-03-21 01:55:29', '2023-03-21 01:55:29'),
(178, 'JOHARABAD', 1, '2', '250', '160', '5-6 DAYS', '2023-03-21 01:55:29', '2023-03-21 01:55:29'),
(179, 'JOHI', 1, '2', '250', '160', '5-6 DAYS', '2023-03-21 01:55:29', '2023-03-21 01:55:29'),
(180, 'KABIRWALA', 1, '2', '250', '160', '5-6 DAYS', '2023-03-21 01:55:29', '2023-03-21 01:55:29'),
(181, 'KAHAUTA', 1, '2', '250', '160', '5-6 DAYS', '2023-03-21 01:55:29', '2023-03-21 01:55:29'),
(182, 'KALAT', 1, '2', '250', '160', '6-7 DAYS', '2023-03-21 01:55:29', '2023-03-21 01:55:29'),
(183, 'KALLAR KAHAR', 1, '2', '250', '160', '5-6 DAYS', '2023-03-21 01:55:29', '2023-03-21 01:55:29'),
(184, 'KALLAR SYEDDAN', 1, '2', '250', '160', '5-6 DAYS', '2023-03-21 01:55:29', '2023-03-21 01:55:29'),
(185, 'KALOR KOT', 1, '2', '250', '160', '6-7 DAYS', '2023-03-21 01:55:29', '2023-03-21 01:55:29'),
(186, 'KAMALIA', 1, '2', '250', '160', '3-4 DAYS', '2023-03-21 01:55:29', '2023-03-21 01:55:29'),
(187, 'KAMOKE', 1, '2', '250', '160', '5-6 DAYS', '2023-03-21 01:55:29', '2023-03-21 01:55:29'),
(188, 'KAMRA', 1, '2', '250', '160', '5-6 DAYS', '2023-03-21 01:55:29', '2023-03-21 01:55:29'),
(189, 'KAND KOT', 1, '2', '250', '160', '5-6 DAYS', '2023-03-21 01:55:29', '2023-03-21 01:55:29'),
(190, 'KANDIARO', 1, '2', '250', '160', '5-6 DAYS', '2023-03-21 01:55:29', '2023-03-21 01:55:29'),
(191, 'KANGAN PUR', 1, '2', '250', '160', '5-6 DAYS', '2023-03-21 01:55:29', '2023-03-21 01:55:29'),
(192, 'KANGRA', 1, '2', '250', '160', '6-7 DAYS', '2023-03-21 01:55:29', '2023-03-21 01:55:29'),
(193, 'KANJU', 1, '2', '250', '160', '6-7 DAYS', '2023-03-21 01:55:29', '2023-03-21 01:55:29'),
(194, 'KANYAL', 1, '2', '250', '160', '5-6 DAYS', '2023-03-21 01:55:29', '2023-03-21 01:55:29'),
(195, 'KAPCO POWER PLANT', 1, '2', '250', '160', '5-6 DAYS', '2023-03-21 01:55:29', '2023-03-21 01:55:29'),
(196, 'KARACHI', 1, '2', '150', '100', '1 Day', '2023-03-21 01:55:29', '2023-03-21 01:55:29'),
(197, 'KARAK', 1, '2', '250', '160', '6-7 DAYS', '2023-03-21 01:55:29', '2023-03-21 01:55:29'),
(198, 'KARAM PUR', 1, '2', '250', '160', '5-6 DAYS', '2023-03-21 01:55:29', '2023-03-21 01:55:29'),
(199, 'KAROOR PAKA', 1, '2', '250', '160', '5-6 DAYS', '2023-03-21 01:55:29', '2023-03-21 01:55:29'),
(200, 'KAROR LAL EASAN', 1, '2', '250', '160', '5-6 DAYS', '2023-03-21 01:55:29', '2023-03-21 01:55:29'),
(201, 'KASHMORE', 1, '2', '250', '160', '5-6 DAYS', '2023-03-21 01:55:29', '2023-03-21 01:55:29'),
(202, 'KASSOWAL', 1, '2', '250', '160', '5-6 DAYS', '2023-03-21 01:55:29', '2023-03-21 01:55:29'),
(203, 'KASUR', 1, '2', '250', '160', '3-4 DAYS', '2023-03-21 01:55:29', '2023-03-21 01:55:29'),
(204, 'KHAIR PUR', 1, '2', '250', '160', '5-6 DAYS', '2023-03-21 01:55:29', '2023-03-21 01:55:29'),
(205, 'KHAIRPUR MEERUS', 1, '2', '250', '160', '5-6 DAYS', '2023-03-21 01:55:29', '2023-03-21 01:55:29'),
(206, 'KHAIRPUR TAMEWALI', 1, '2', '250', '160', '5-6 DAYS', '2023-03-21 01:55:29', '2023-03-21 01:55:29'),
(207, 'KHAN GHAR', 1, '2', '250', '160', '5-6 DAYS', '2023-03-21 01:55:29', '2023-03-21 01:55:29'),
(208, 'KHAN PUR', 1, '2', '250', '160', '3-4 DAYS', '2023-03-21 01:55:29', '2023-03-21 01:55:29'),
(209, 'KHANEWAL', 1, '2', '250', '160', '3-4 DAYS', '2023-03-21 01:55:29', '2023-03-21 01:55:29'),
(210, 'KHANKA DOGRAN', 1, '2', '250', '160', '5-6 DAYS', '2023-03-21 01:55:29', '2023-03-21 01:55:29'),
(211, 'KHANPUR MAHAR', 1, '2', '250', '160', '5-6 DAYS', '2023-03-21 01:55:29', '2023-03-21 01:55:29'),
(212, 'KHARIAN', 1, '2', '250', '160', '5-6 DAYS', '2023-03-21 01:55:29', '2023-03-21 01:55:29'),
(213, 'KHAS BEHAAL', 1, '2', '250', '160', '6-7 DAYS', '2023-03-21 01:55:29', '2023-03-21 01:55:29'),
(214, 'KHOAZA KHAILA', 1, '2', '250', '160', '6-7 DAYS', '2023-03-21 01:55:29', '2023-03-21 01:55:29'),
(215, 'KHOSKI', 1, '2', '250', '160', '5-6 DAYS', '2023-03-21 01:55:29', '2023-03-21 01:55:29'),
(216, 'KHUDIAN KHAS', 1, '2', '250', '160', '5-6 DAYS', '2023-03-21 01:55:29', '2023-03-21 01:55:29'),
(217, 'KHURRIANWALA', 1, '2', '250', '160', '5-6 DAYS', '2023-03-21 01:55:29', '2023-03-21 01:55:29'),
(218, 'KHUSHAAB', 1, '2', '250', '160', '3-4 DAYS', '2023-03-21 01:55:29', '2023-03-21 01:55:29'),
(219, 'KHUZDAR', 1, '2', '250', '160', '6-7 DAYS', '2023-03-21 01:55:29', '2023-03-21 01:55:29'),
(220, 'KHWERA', 1, '2', '250', '160', '5-6 DAYS', '2023-03-21 01:55:29', '2023-03-21 01:55:29'),
(221, 'KOHAT', 1, '2', '250', '160', '4-5 DAYS', '2023-03-21 01:55:29', '2023-03-21 01:55:29'),
(222, 'KOT ADDU', 1, '2', '250', '160', '5-6 DAYS', '2023-03-21 01:55:29', '2023-03-21 01:55:29'),
(223, 'KOT CHUTTA', 1, '2', '250', '160', '5-6 DAYS', '2023-03-21 01:55:29', '2023-03-21 01:55:29'),
(224, 'KOT MITHAN', 1, '2', '250', '160', '5-6 DAYS', '2023-03-21 01:55:29', '2023-03-21 01:55:29'),
(225, 'KOT MOMIN', 1, '2', '250', '160', '5-6 DAYS', '2023-03-21 01:55:29', '2023-03-21 01:55:29'),
(226, 'KOT PINDI DAS', 1, '2', '250', '160', '5-6 DAYS', '2023-03-21 01:55:29', '2023-03-21 01:55:29'),
(227, 'KOT RADHA KISHAN', 1, '2', '250', '160', '5-6 DAYS', '2023-03-21 01:55:29', '2023-03-21 01:55:29'),
(228, 'KOT SAMABAH', 1, '2', '250', '160', '5-6 DAYS', '2023-03-21 01:55:29', '2023-03-21 01:55:29'),
(229, 'KOTLA ARAB ALI KHAN', 1, '2', '250', '160', '5-6 DAYS', '2023-03-21 01:55:29', '2023-03-21 01:55:29'),
(230, 'KOTLI', 1, '2', '250', '160', '4-5 DAYS', '2023-03-21 01:55:29', '2023-03-21 01:55:29'),
(231, 'KOTLI BEHRAM', 1, '2', '250', '160', '5-6 DAYS', '2023-03-21 01:55:29', '2023-03-21 01:55:29'),
(232, 'KOTLI LOHARAN', 1, '2', '250', '160', '5-6 DAYS', '2023-03-21 01:55:29', '2023-03-21 01:55:29'),
(233, 'KOTRI', 1, '2', '250', '160', '5-6 DAYS', '2023-03-21 01:55:29', '2023-03-21 01:55:29'),
(234, 'KUCHLAK', 1, '2', '250', '160', '6-7 DAYS', '2023-03-21 01:55:29', '2023-03-21 01:55:29'),
(235, 'KULACHI', 1, '2', '250', '160', '6-7 DAYS', '2023-03-21 01:55:29', '2023-03-21 01:55:29'),
(236, 'KUNDIAN', 1, '2', '250', '160', '5-6 DAYS', '2023-03-21 01:55:29', '2023-03-21 01:55:29'),
(237, 'KUNRI', 1, '2', '250', '160', '5-6 DAYS', '2023-03-21 01:55:29', '2023-03-21 01:55:29'),
(238, 'LAHORE', 1, '2', '250', '160', '2-3 DAYS', '2023-03-21 01:55:29', '2023-03-21 01:55:29'),
(239, 'LAKKI MARWAT', 1, '2', '250', '160', '6-7 DAYS', '2023-03-21 01:55:29', '2023-03-21 01:55:29'),
(240, 'LALA MUSA', 1, '2', '250', '160', '5-6 DAYS', '2023-03-21 01:55:29', '2023-03-21 01:55:29'),
(241, 'LALIAN', 1, '2', '250', '160', '5-6 DAYS', '2023-03-21 01:55:29', '2023-03-21 01:55:29'),
(242, 'LALLIANI', 1, '2', '250', '160', '5-6 DAYS', '2023-03-21 01:55:29', '2023-03-21 01:55:29'),
(243, 'LALPIR (THERMAL POWER)', 1, '2', '250', '160', '5-6 DAYS', '2023-03-21 01:55:29', '2023-03-21 01:55:29'),
(244, 'LARKANA', 1, '2', '250', '160', '3-4 DAYS', '2023-03-21 01:55:29', '2023-03-21 01:55:29'),
(245, 'LAWRENCE PUR', 1, '2', '250', '160', '5-6 DAYS', '2023-03-21 01:55:29', '2023-03-21 01:55:29'),
(246, 'LAYYAH', 1, '2', '250', '160', '3-4 DAYS', '2023-03-21 01:55:29', '2023-03-21 01:55:29'),
(247, 'LIAQAT PUR', 1, '2', '250', '160', '5-6 DAYS', '2023-03-21 01:55:29', '2023-03-21 01:55:29'),
(248, 'LODHRAN', 1, '2', '250', '160', '5-6 DAYS', '2023-03-21 01:55:29', '2023-03-21 01:55:29'),
(249, 'LORALAI', 1, '2', '250', '160', '6-7 DAYS', '2023-03-21 01:55:29', '2023-03-21 01:55:29'),
(250, 'LOWER TOPA', 1, '2', '250', '160', '5-6 DAYS', '2023-03-21 01:55:29', '2023-03-21 01:55:29'),
(251, 'MACHIKEY', 1, '2', '250', '160', '5-6 DAYS', '2023-03-21 01:55:29', '2023-03-21 01:55:29'),
(252, 'MAILSI', 1, '2', '250', '160', '5-6 DAYS', '2023-03-21 01:55:29', '2023-03-21 01:55:29'),
(253, 'MALAKAND', 1, '2', '250', '160', '6-7 DAYS', '2023-03-21 01:55:29', '2023-03-21 01:55:29'),
(254, 'MALAKWAL', 1, '2', '250', '160', '5-6 DAYS', '2023-03-21 01:55:29', '2023-03-21 01:55:29'),
(255, 'MANA WLA', 1, '2', '250', '160', '5-6 DAYS', '2023-03-21 01:55:29', '2023-03-21 01:55:29'),
(256, 'MANAWALA', 1, '2', '250', '160', '5-6 DAYS', '2023-03-21 01:55:29', '2023-03-21 01:55:29'),
(257, 'MANDI BAHAUDDIN', 1, '2', '250', '160', '3-4 DAYS', '2023-03-21 01:55:29', '2023-03-21 01:55:29'),
(258, 'MANDI SAFDAR ABAD', 1, '2', '250', '160', '5-6 DAYS', '2023-03-21 01:55:29', '2023-03-21 01:55:29'),
(259, 'MANDI USMAN WALA', 1, '2', '250', '160', '5-6 DAYS', '2023-03-21 01:55:29', '2023-03-21 01:55:29'),
(260, 'MANDIAN', 1, '2', '250', '160', '6-7 DAYS', '2023-03-21 01:55:29', '2023-03-21 01:55:29'),
(261, 'MANDRA', 1, '2', '250', '160', '5-6 DAYS', '2023-03-21 01:55:29', '2023-03-21 01:55:29'),
(262, 'MANGA MANDI', 1, '2', '250', '160', '5-6 DAYS', '2023-03-21 01:55:29', '2023-03-21 01:55:29'),
(263, 'MANGLA (AJK)', 1, '2', '250', '160', '6-7 DAYS', '2023-03-21 01:55:29', '2023-03-21 01:55:29'),
(264, 'MANGLA CANTT (AJK)', 1, '2', '250', '160', '6-7 DAYS', '2023-03-21 01:55:29', '2023-03-21 01:55:29'),
(265, 'MANKERA', 1, '2', '250', '160', '6-7 DAYS', '2023-03-21 01:55:29', '2023-03-21 01:55:29'),
(266, 'MANKYLA STATION', 1, '2', '250', '160', '5-6 DAYS', '2023-03-21 01:55:29', '2023-03-21 01:55:29'),
(267, 'MANSEHRA', 1, '2', '250', '160', '4-5 DAYS', '2023-03-21 01:55:29', '2023-03-21 01:55:29'),
(268, 'MARDAN', 1, '2', '250', '160', '4-5 DAYS', '2023-03-21 01:55:29', '2023-03-21 01:55:29'),
(269, 'MARI', 1, '2', '250', '160', '5-6 DAYS', '2023-03-21 01:55:29', '2023-03-21 01:55:29'),
(270, 'MASAR CAMP', 1, '2', '250', '160', '5-6 DAYS', '2023-03-21 01:55:29', '2023-03-21 01:55:29'),
(271, 'MASTUNG', 1, '2', '250', '160', '6-7 DAYS', '2023-03-21 01:55:29', '2023-03-21 01:55:29'),
(272, 'MATIYARI', 1, '2', '250', '160', '5-6 DAYS', '2023-03-21 01:55:29', '2023-03-21 01:55:29'),
(273, 'MATLI', 1, '2', '250', '160', '5-6 DAYS', '2023-03-21 01:55:29', '2023-03-21 01:55:29'),
(274, 'MATTA', 1, '2', '250', '160', '6-7 DAYS', '2023-03-21 01:55:29', '2023-03-21 01:55:29'),
(275, 'MEHER', 1, '2', '250', '160', '5-6 DAYS', '2023-03-21 01:55:29', '2023-03-21 01:55:29'),
(276, 'MEHRAB PUR', 1, '2', '250', '160', '5-6 DAYS', '2023-03-21 01:55:29', '2023-03-21 01:55:29'),
(277, 'MIAN CHANNU', 1, '2', '250', '160', '3-4 DAYS', '2023-03-21 01:55:29', '2023-03-21 01:55:29'),
(278, 'MIAN WALI QURESHAIN', 1, '2', '250', '160', '5-6 DAYS', '2023-03-21 01:55:29', '2023-03-21 01:55:29'),
(279, 'MIANI', 1, '2', '250', '160', '5-6 DAYS', '2023-03-21 01:55:29', '2023-03-21 01:55:29'),
(280, 'MIANWALI', 1, '2', '250', '160', '3-4 DAYS', '2023-03-21 01:55:29', '2023-03-21 01:55:29'),
(281, 'MINCHINABAD', 1, '2', '250', '160', '5-6 DAYS', '2023-03-21 01:55:29', '2023-03-21 01:55:29'),
(282, 'MINGORA', 1, '2', '250', '160', '6-7 DAYS', '2023-03-21 01:55:29', '2023-03-21 01:55:29'),
(283, 'MIR PUR KHAS', 1, '2', '250', '160', '3-4 DAYS', '2023-03-21 01:55:29', '2023-03-21 01:55:29'),
(284, 'MIR PUR METHELO', 1, '2', '250', '160', '5-6 DAYS', '2023-03-21 01:55:29', '2023-03-21 01:55:29'),
(285, 'MIRPUR (AJK)', 1, '2', '250', '160', '4-5 DAYS', '2023-03-21 01:55:29', '2023-03-21 01:55:29'),
(286, 'MITHA TIWANA', 1, '2', '250', '160', '5-6 DAYS', '2023-03-21 01:55:29', '2023-03-21 01:55:29'),
(287, 'MITTHI', 1, '2', '250', '160', '5-6 DAYS', '2023-03-21 01:55:29', '2023-03-21 01:55:29'),
(288, 'MORE AIMANABAD', 1, '2', '250', '160', '5-6 DAYS', '2023-03-21 01:55:29', '2023-03-21 01:55:29'),
(289, 'MORE KHUNDA', 1, '2', '250', '160', '5-6 DAYS', '2023-03-21 01:55:29', '2023-03-21 01:55:29'),
(290, 'MORO', 1, '2', '250', '160', '3-4 DAYS', '2023-03-21 01:55:29', '2023-03-21 01:55:29'),
(291, 'MOTRA', 1, '2', '250', '160', '5-6 DAYS', '2023-03-21 01:55:29', '2023-03-21 01:55:29'),
(292, 'MUCH', 1, '2', '250', '160', '6-7 DAYS', '2023-03-21 01:55:29', '2023-03-21 01:55:29'),
(293, 'MULTAN', 1, '2', '250', '160', '2-3 DAYS', '2023-03-21 01:55:29', '2023-03-21 01:55:29'),
(294, 'MURIDKE', 1, '2', '250', '160', '5-6 DAYS', '2023-03-21 01:55:29', '2023-03-21 01:55:29'),
(295, 'MURREE', 1, '2', '250', '160', '4-5 DAYS', '2023-03-21 01:55:29', '2023-03-21 01:55:29'),
(296, 'MUZAFARABAD (AJK)', 1, '2', '250', '160', '4-5 DAYS', '2023-03-21 01:55:29', '2023-03-21 01:55:29'),
(297, 'MUZAFFARGARH', 1, '2', '250', '160', '3-4 DAYS', '2023-03-21 01:55:29', '2023-03-21 01:55:29'),
(298, 'NAROWAL', 1, '2', '250', '160', '3-4 DAYS', '2023-03-21 01:55:29', '2023-03-21 01:55:29'),
(299, 'NAUSHKI', 1, '2', '250', '160', '6-7 DAYS', '2023-03-21 01:55:29', '2023-03-21 01:55:29'),
(300, 'NAWAB SHAH', 1, '2', '250', '160', '3-4 DAYS', '2023-03-21 01:55:29', '2023-03-21 01:55:29'),
(301, 'NAWAN SHEHR', 1, '2', '250', '160', '6-7 DAYS', '2023-03-21 01:55:29', '2023-03-21 01:55:29'),
(302, 'NAWAY KALI', 1, '2', '250', '160', '6-7 DAYS', '2023-03-21 01:55:29', '2023-03-21 01:55:29'),
(303, 'NEW INDUSTRIAL AREA', 1, '2', '250', '160', '6-7 DAYS', '2023-03-21 01:55:29', '2023-03-21 01:55:29'),
(304, 'NIZAMABAD', 1, '2', '250', '160', '5-6 DAYS', '2023-03-21 01:55:29', '2023-03-21 01:55:29'),
(305, 'NONAR', 1, '2', '250', '160', '5-6 DAYS', '2023-03-21 01:55:29', '2023-03-21 01:55:29'),
(306, 'NOOR COLONY', 1, '2', '250', '160', '6-7 DAYS', '2023-03-21 01:55:29', '2023-03-21 01:55:29'),
(307, 'NOOR KOT', 1, '2', '250', '160', '5-6 DAYS', '2023-03-21 01:55:29', '2023-03-21 01:55:29'),
(308, 'NOORPUR', 1, '2', '250', '160', '5-6 DAYS', '2023-03-21 01:55:29', '2023-03-21 01:55:29'),
(309, 'NOORPUR THAL', 1, '2', '250', '160', '5-6 DAYS', '2023-03-21 01:55:29', '2023-03-21 01:55:29'),
(310, 'NORIABAD', 1, '2', '250', '160', '5-6 DAYS', '2023-03-21 01:55:29', '2023-03-21 01:55:29'),
(311, 'NOWSHERA', 1, '2', '250', '160', '6-7 DAYS', '2023-03-21 01:55:29', '2023-03-21 01:55:29'),
(312, 'NOWSHERA KALAN', 1, '2', '250', '160', '6-7 DAYS', '2023-03-21 01:55:29', '2023-03-21 01:55:29'),
(313, 'NOWSHERA VIRKAN', 1, '2', '250', '160', '5-6 DAYS', '2023-03-21 01:55:29', '2023-03-21 01:55:29'),
(314, 'NOWSHERO FEROZE', 1, '2', '250', '160', '5-6 DAYS', '2023-03-21 01:55:29', '2023-03-21 01:55:29'),
(315, 'NRTC (TELECOM STAFF COLLEGE)', 1, '2', '250', '160', '6-7 DAYS', '2023-03-21 01:55:29', '2023-03-21 01:55:29'),
(316, 'NUDEARO', 1, '2', '250', '160', '5-6 DAYS', '2023-03-21 01:55:29', '2023-03-21 01:55:29'),
(317, 'NUNKANA SAB', 1, '2', '250', '160', '3-4 DAYS', '2023-03-21 01:55:29', '2023-03-21 01:55:29'),
(318, 'OKARA', 1, '2', '250', '160', '3-4 DAYS', '2023-03-21 01:55:29', '2023-03-21 01:55:29'),
(319, 'OLD HALA', 1, '2', '250', '160', '5-6 DAYS', '2023-03-21 01:55:29', '2023-03-21 01:55:29'),
(320, 'P.O.F. (FACTORY & COLONY)', 1, '2', '250', '160', '5-6 DAYS', '2023-03-21 01:55:29', '2023-03-21 01:55:29'),
(321, 'PABI', 1, '2', '250', '160', '6-7 DAYS', '2023-03-21 01:55:29', '2023-03-21 01:55:29'),
(322, 'PAHARPUR', 1, '2', '250', '160', '6-7 DAYS', '2023-03-21 01:55:29', '2023-03-21 01:55:29'),
(323, 'PAKPATTAN', 1, '2', '250', '160', '3-4 DAYS', '2023-03-21 01:55:29', '2023-03-21 01:55:29'),
(324, 'PANOAQIL', 1, '2', '250', '160', '5-6 DAYS', '2023-03-21 01:55:29', '2023-03-21 01:55:29'),
(325, 'PAROA', 1, '2', '250', '160', '6-7 DAYS', '2023-03-21 01:55:29', '2023-03-21 01:55:29'),
(326, 'PASROOR', 1, '2', '250', '160', '5-6 DAYS', '2023-03-21 01:55:29', '2023-03-21 01:55:29'),
(327, 'PASROOR ROAD AND VILLAGES', 1, '2', '250', '160', '5-6 DAYS', '2023-03-21 01:55:29', '2023-03-21 01:55:29'),
(328, 'PATOKI', 1, '2', '250', '160', '3-4 DAYS', '2023-03-21 01:55:29', '2023-03-21 01:55:29'),
(329, 'PATRIATA', 1, '2', '250', '160', '5-6 DAYS', '2023-03-21 01:55:29', '2023-03-21 01:55:29'),
(330, 'PEER MAHAL', 1, '2', '250', '160', '5-6 DAYS', '2023-03-21 01:55:29', '2023-03-21 01:55:29'),
(331, 'PESHAWAR', 1, '2', '250', '160', '3-4 DAYS', '2023-03-21 01:55:29', '2023-03-21 01:55:29'),
(332, 'PEZU', 1, '2', '250', '160', '6-7 DAYS', '2023-03-21 01:55:29', '2023-03-21 01:55:29'),
(333, 'PHALIA', 1, '2', '250', '160', '5-6 DAYS', '2023-03-21 01:55:29', '2023-03-21 01:55:29'),
(334, 'PIND DADAN KHAN', 1, '2', '250', '160', '5-6 DAYS', '2023-03-21 01:55:29', '2023-03-21 01:55:29'),
(335, 'PINDI BHATIAN', 1, '2', '250', '160', '5-6 DAYS', '2023-03-21 01:55:29', '2023-03-21 01:55:29'),
(336, 'PINDI GHEB', 1, '2', '250', '160', '5-6 DAYS', '2023-03-21 01:55:29', '2023-03-21 01:55:29'),
(337, 'PINDI GUJRAN', 1, '2', '250', '160', '5-6 DAYS', '2023-03-21 01:55:29', '2023-03-21 01:55:29'),
(338, 'PIPLAN', 1, '2', '250', '160', '5-6 DAYS', '2023-03-21 01:55:29', '2023-03-21 01:55:29'),
(339, 'PIR BABA', 1, '2', '250', '160', '6-7 DAYS', '2023-03-21 01:55:29', '2023-03-21 01:55:29'),
(340, 'PISHIN', 1, '2', '250', '160', '6-7 DAYS', '2023-03-21 01:55:29', '2023-03-21 01:55:29'),
(341, 'PITARO', 1, '2', '250', '160', '5-6 DAYS', '2023-03-21 01:55:29', '2023-03-21 01:55:29'),
(342, 'PLANDARI / SADHNOTI (AJK)', 1, '2', '250', '160', '5-6 DAYS', '2023-03-21 01:55:29', '2023-03-21 01:55:29'),
(343, 'PMA KAKUL', 1, '2', '250', '160', '6-7 DAYS', '2023-03-21 01:55:29', '2023-03-21 01:55:29'),
(344, 'POONCH (AJK)', 1, '2', '250', '160', '6-7 DAYS', '2023-03-21 01:55:29', '2023-03-21 01:55:29'),
(345, 'PUNGIRAYIN', 1, '2', '250', '160', '6-7 DAYS', '2023-03-21 01:55:29', '2023-03-21 01:55:29'),
(346, 'PUNWAN', 1, '2', '250', '160', '5-6 DAYS', '2023-03-21 01:55:29', '2023-03-21 01:55:29'),
(347, 'QABAL', 1, '2', '250', '160', '6-7 DAYS', '2023-03-21 01:55:29', '2023-03-21 01:55:29'),
(348, 'QABOOLA SHARIF', 1, '2', '250', '160', '5-6 DAYS', '2023-03-21 01:55:29', '2023-03-21 01:55:29'),
(349, 'QADIR PUR RAWAN', 1, '2', '250', '160', '5-6 DAYS', '2023-03-21 01:55:29', '2023-03-21 01:55:29'),
(350, 'QAIDABAD', 1, '2', '250', '160', '5-6 DAYS', '2023-03-21 01:55:29', '2023-03-21 01:55:29'),
(351, 'QAMAR MASHANI', 1, '2', '250', '160', '5-6 DAYS', '2023-03-21 01:55:29', '2023-03-21 01:55:29'),
(352, 'QILA DEEDAR SING', 1, '2', '250', '160', '5-6 DAYS', '2023-03-21 01:55:29', '2023-03-21 01:55:29'),
(353, 'QILA SAIB SINGH', 1, '2', '250', '160', '5-6 DAYS', '2023-03-21 01:55:29', '2023-03-21 01:55:29'),
(354, 'QUETTA', 1, '2', '250', '160', '3-4 DAYS', '2023-03-21 01:55:29', '2023-03-21 01:55:29'),
(355, 'RAHIM YAR KHAN', 1, '2', '250', '160', '2-3 DAYS', '2023-03-21 01:55:29', '2023-03-21 01:55:29'),
(356, 'RAIWIND', 1, '2', '250', '160', '5-6 DAYS', '2023-03-21 01:55:29', '2023-03-21 01:55:29'),
(357, 'RAJA JANG', 1, '2', '250', '160', '5-6 DAYS', '2023-03-21 01:55:29', '2023-03-21 01:55:29'),
(358, 'RAJAN PUR', 1, '2', '250', '160', '5-6 DAYS', '2023-03-21 01:55:29', '2023-03-21 01:55:29'),
(359, 'RAJANA', 1, '2', '250', '160', '5-6 DAYS', '2023-03-21 01:55:29', '2023-03-21 01:55:29'),
(360, 'RAJAR', 1, '2', '250', '160', '6-7 DAYS', '2023-03-21 01:55:29', '2023-03-21 01:55:29'),
(361, 'RAMAK', 1, '2', '250', '160', '6-7 DAYS', '2023-03-21 01:55:29', '2023-03-21 01:55:29'),
(362, 'RANI PUR', 1, '2', '250', '160', '5-6 DAYS', '2023-03-21 01:55:29', '2023-03-21 01:55:29'),
(363, 'RAO KHAN WALA', 1, '2', '250', '160', '5-6 DAYS', '2023-03-21 01:55:29', '2023-03-21 01:55:29'),
(364, 'RATO DEARO', 1, '2', '250', '160', '5-6 DAYS', '2023-03-21 01:55:29', '2023-03-21 01:55:29'),
(365, 'RAWALAKOT (AJK)', 1, '2', '250', '160', '3-4 DAYS', '2023-03-21 01:55:29', '2023-03-21 01:55:29'),
(366, 'RAWALPINDI', 1, '2', '250', '160', '2-3 DAYS', '2023-03-21 01:55:29', '2023-03-21 01:55:29'),
(367, 'RAWAT', 1, '2', '250', '160', '5-6 DAYS', '2023-03-21 01:55:29', '2023-03-21 01:55:29'),
(368, 'RENALA KHURD', 1, '2', '250', '160', '5-6 DAYS', '2023-03-21 01:55:29', '2023-03-21 01:55:29'),
(369, 'RISALPUR', 1, '2', '250', '160', '6-7 DAYS', '2023-03-21 01:55:29', '2023-03-21 01:55:29'),
(370, 'ROHRI', 1, '2', '250', '160', '5-6 DAYS', '2023-03-21 01:55:29', '2023-03-21 01:55:29'),
(371, 'RUBWA', 1, '2', '250', '160', '5-6 DAYS', '2023-03-21 01:55:29', '2023-03-21 01:55:29'),
(372, 'SADIQABAD', 1, '2', '250', '160', '3-4 DAYS', '2023-03-21 01:55:29', '2023-03-21 01:55:29'),
(373, 'SAFDARABAD', 1, '2', '250', '160', '5-6 DAYS', '2023-03-21 01:55:29', '2023-03-21 01:55:29'),
(374, 'SAHIWAL', 1, '2', '250', '160', '2-3 DAYS', '2023-03-21 01:55:29', '2023-03-21 01:55:29'),
(375, 'SAIDU SHARIF', 1, '2', '250', '160', '6-7 DAYS', '2023-03-21 01:55:29', '2023-03-21 01:55:29'),
(376, 'SAJAWAL', 1, '2', '250', '160', '5-6 DAYS', '2023-03-21 01:55:29', '2023-03-21 01:55:29'),
(377, 'SAKRAND', 1, '2', '250', '160', '5-6 DAYS', '2023-03-21 01:55:29', '2023-03-21 01:55:29'),
(378, 'SAMANDARI', 1, '2', '250', '160', '3-4 DAYS', '2023-03-21 01:55:29', '2023-03-21 01:55:29'),
(379, 'SANGAR', 1, '2', '250', '160', '5-6 DAYS', '2023-03-21 01:55:29', '2023-03-21 01:55:29'),
(380, 'SANGLA HILL', 1, '2', '250', '160', '5-6 DAYS', '2023-03-21 01:55:29', '2023-03-21 01:55:29'),
(381, 'SANJWAL', 1, '2', '250', '160', '5-6 DAYS', '2023-03-21 01:55:29', '2023-03-21 01:55:29'),
(382, 'SARAYE NORANG', 1, '2', '250', '160', '6-7 DAYS', '2023-03-21 01:55:29', '2023-03-21 01:55:29'),
(383, 'SARDAR GARH', 1, '2', '250', '160', '5-6 DAYS', '2023-03-21 01:55:29', '2023-03-21 01:55:29'),
(384, 'SARDARYAB', 1, '2', '250', '160', '6-7 DAYS', '2023-03-21 01:55:29', '2023-03-21 01:55:29'),
(385, 'SARGODHA', 1, '2', '250', '160', '2-3 DAYS', '2023-03-21 01:55:29', '2023-03-21 01:55:29'),
(386, 'SARI ALAMGIR', 1, '2', '250', '160', '5-6 DAYS', '2023-03-21 01:55:29', '2023-03-21 01:55:29'),
(387, 'SAWABI', 1, '2', '250', '160', '6-7 DAYS', '2023-03-21 01:55:29', '2023-03-21 01:55:29'),
(388, 'SAWAT', 1, '2', '250', '160', '4-5 DAYS', '2023-03-21 01:55:29', '2023-03-21 01:55:29'),
(389, 'SEHWAN SHARIF', 1, '2', '250', '160', '5-6 DAYS', '2023-03-21 01:55:29', '2023-03-21 01:55:29'),
(390, 'SHABQADAR', 1, '2', '250', '160', '6-7 DAYS', '2023-03-21 01:55:29', '2023-03-21 01:55:29'),
(391, 'SHADAD KOT', 1, '2', '250', '160', '5-6 DAYS', '2023-03-21 01:55:29', '2023-03-21 01:55:29'),
(392, 'SHADIWAL', 1, '2', '250', '160', '5-6 DAYS', '2023-03-21 01:55:29', '2023-03-21 01:55:29'),
(393, 'SHAH PUR CHAKAR', 1, '2', '250', '160', '5-6 DAYS', '2023-03-21 01:55:29', '2023-03-21 01:55:29'),
(394, 'SHAHDAD PUR', 1, '2', '250', '160', '5-6 DAYS', '2023-03-21 01:55:29', '2023-03-21 01:55:29'),
(395, 'SHAHKOT', 1, '2', '250', '160', '5-6 DAYS', '2023-03-21 01:55:29', '2023-03-21 01:55:29'),
(396, 'SHAHPUR SADDAR', 1, '2', '250', '160', '5-6 DAYS', '2023-03-21 01:55:29', '2023-03-21 01:55:29'),
(397, 'SHAKARGARH', 1, '2', '250', '160', '5-6 DAYS', '2023-03-21 01:55:29', '2023-03-21 01:55:29'),
(398, 'SHAM KOT', 1, '2', '250', '160', '5-6 DAYS', '2023-03-21 01:55:29', '2023-03-21 01:55:29'),
(399, 'SHAMS ABAD', 1, '2', '250', '160', '5-6 DAYS', '2023-03-21 01:55:29', '2023-03-21 01:55:29'),
(400, 'SHANGLA', 1, '2', '250', '160', '6-7 DAYS', '2023-03-21 01:55:29', '2023-03-21 01:55:29'),
(401, 'SHEEDO', 1, '2', '250', '160', '6-7 DAYS', '2023-03-21 01:55:29', '2023-03-21 01:55:29'),
(402, 'SHEIKHUPURA', 1, '2', '250', '160', '2-3 DAYS', '2023-03-21 01:55:29', '2023-03-21 01:55:29'),
(403, 'SHERGARH', 1, '2', '250', '160', '6-7 DAYS', '2023-03-21 01:55:29', '2023-03-21 01:55:29'),
(404, 'SHEWA ADDA', 1, '2', '250', '160', '6-7 DAYS', '2023-03-21 01:55:29', '2023-03-21 01:55:29'),
(405, 'SHIKARPUR', 1, '2', '250', '160', '5-6 DAYS', '2023-03-21 01:55:29', '2023-03-21 01:55:29'),
(406, 'SHIMLA HILL', 1, '2', '250', '160', '6-7 DAYS', '2023-03-21 01:55:29', '2023-03-21 01:55:29'),
(407, 'SHORKOT', 1, '2', '250', '160', '5-6 DAYS', '2023-03-21 01:55:29', '2023-03-21 01:55:29'),
(408, 'SHUJABAD', 1, '2', '250', '160', '5-6 DAYS', '2023-03-21 01:55:29', '2023-03-21 01:55:29'),
(409, 'SIALKOT', 1, '2', '250', '160', '2-3 DAYS', '2023-03-21 01:55:29', '2023-03-21 01:55:29'),
(410, 'SIBI', 1, '2', '250', '160', '5-6 DAYS', '2023-03-21 01:55:29', '2023-03-21 01:55:29'),
(411, 'SIHALA', 1, '2', '250', '160', '5-6 DAYS', '2023-03-21 01:55:29', '2023-03-21 01:55:29'),
(412, 'SIKANDARABAD', 1, '2', '250', '160', '5-6 DAYS', '2023-03-21 01:55:29', '2023-03-21 01:55:29'),
(413, 'SILANWALI', 1, '2', '250', '160', '5-6 DAYS', '2023-03-21 01:55:29', '2023-03-21 01:55:29'),
(414, 'SIRAYE MUHAJIR', 1, '2', '250', '160', '6-7 DAYS', '2023-03-21 01:55:29', '2023-03-21 01:55:29'),
(415, 'SKARDU', 1, '2', '250', '160', '5-6 DAYS', '2023-03-21 01:55:29', '2023-03-21 01:55:29'),
(416, 'SMAAL IND ESTATE. DASKA', 1, '2', '250', '160', '5-6 DAYS', '2023-03-21 01:55:29', '2023-03-21 01:55:29'),
(417, 'SOHAWA ONLY MAIN GT ROAD', 1, '2', '250', '160', '5-6 DAYS', '2023-03-21 01:55:29', '2023-03-21 01:55:29'),
(418, 'SUKKUR', 1, '2', '250', '160', '2-3 DAYS', '2023-03-21 01:55:29', '2023-03-21 01:55:29'),
(419, 'SUMBRIAL', 1, '2', '250', '160', '5-6 DAYS', '2023-03-21 01:55:29', '2023-03-21 01:55:29'),
(420, 'SUNDER ADDA', 1, '2', '250', '160', '5-6 DAYS', '2023-03-21 01:55:29', '2023-03-21 01:55:29'),
(421, 'SWABI', 1, '2', '250', '160', '6-7 DAYS', '2023-03-21 01:55:29', '2023-03-21 01:55:29'),
(422, 'SYED WALA', 1, '2', '250', '160', '5-6 DAYS', '2023-03-21 01:55:29', '2023-03-21 01:55:29'),
(423, 'TAKHT-E-BHAI', 1, '2', '250', '160', '6-7 DAYS', '2023-03-21 01:55:29', '2023-03-21 01:55:29'),
(424, 'TALAGUNG', 1, '2', '250', '160', '5-6 DAYS', '2023-03-21 01:55:29', '2023-03-21 01:55:29'),
(425, 'TALHAR', 1, '2', '250', '160', '5-6 DAYS', '2023-03-21 01:55:29', '2023-03-21 01:55:29'),
(426, 'TALVANDI', 1, '2', '250', '160', '5-6 DAYS', '2023-03-21 01:55:29', '2023-03-21 01:55:29'),
(427, 'TANDLAWALA', 1, '2', '250', '160', '5-6 DAYS', '2023-03-21 01:55:29', '2023-03-21 01:55:29'),
(428, 'TANDO ADAM', 1, '2', '250', '160', '5-6 DAYS', '2023-03-21 01:55:29', '2023-03-21 01:55:29'),
(429, 'TANDO ALLAHYAR', 1, '2', '250', '160', '5-6 DAYS', '2023-03-21 01:55:29', '2023-03-21 01:55:29'),
(430, 'TANDO GHULAM ALI', 1, '2', '250', '160', '5-6 DAYS', '2023-03-21 01:55:29', '2023-03-21 01:55:29'),
(431, 'TANDO JAM', 1, '2', '250', '160', '5-6 DAYS', '2023-03-21 01:55:29', '2023-03-21 01:55:29'),
(432, 'TANDO JAN MUHAMMAD', 1, '2', '250', '160', '5-6 DAYS', '2023-03-21 01:55:29', '2023-03-21 01:55:29'),
(433, 'TANDO MOHD KHAN', 1, '2', '250', '160', '5-6 DAYS', '2023-03-21 01:55:29', '2023-03-21 01:55:29'),
(434, 'TANGI', 1, '2', '250', '160', '6-7 DAYS', '2023-03-21 01:55:29', '2023-03-21 01:55:29'),
(435, 'TANK', 1, '2', '250', '160', '6-7 DAYS', '2023-03-21 01:55:29', '2023-03-21 01:55:29'),
(436, 'TARBELA DAM', 1, '2', '250', '160', '6-7 DAYS', '2023-03-21 01:55:29', '2023-03-21 01:55:29'),
(437, 'TARNOL', 1, '2', '250', '160', '5-6 DAYS', '2023-03-21 01:55:29', '2023-03-21 01:55:29'),
(438, 'TAUNSA SHARIF', 1, '2', '250', '160', '5-6 DAYS', '2023-03-21 01:55:29', '2023-03-21 01:55:29'),
(439, 'TAXLA', 1, '2', '250', '160', '4-5 DAYS', '2023-03-21 01:55:29', '2023-03-21 01:55:29'),
(440, 'THATTA', 1, '2', '250', '160', '4-5 DAYS', '2023-03-21 01:55:29', '2023-03-21 01:55:29'),
(441, 'THEENG MORE (ALLAHABAD)', 1, '2', '250', '160', '5-6 DAYS', '2023-03-21 01:55:29', '2023-03-21 01:55:29'),
(442, 'THULL', 1, '2', '250', '160', '5-6 DAYS', '2023-03-21 01:55:29', '2023-03-21 01:55:29'),
(443, 'TIBBA SULTANPURA', 1, '2', '250', '160', '5-6 DAYS', '2023-03-21 01:55:29', '2023-03-21 01:55:29'),
(444, 'TIMARGARAH', 1, '2', '250', '160', '6-7 DAYS', '2023-03-21 01:55:29', '2023-03-21 01:55:29'),
(445, 'TOBA TEK SINGH', 1, '2', '250', '160', '3-4 DAYS', '2023-03-21 01:55:29', '2023-03-21 01:55:29'),
(446, 'TOPI (GIK UNIVERSITY AREA ONLY)*', 1, '2', '250', '160', '6-7 DAYS', '2023-03-21 01:55:29', '2023-03-21 01:55:29'),
(447, 'TRANDA SAWAY KHAN', 1, '2', '250', '160', '5-6 DAYS', '2023-03-21 01:55:29', '2023-03-21 01:55:29'),
(448, 'TURBAT', 1, '2', '250', '160', '6-7 DAYS', '2023-03-21 01:55:29', '2023-03-21 01:55:29'),
(449, 'UBARO', 1, '2', '250', '160', '5-6 DAYS', '2023-03-21 01:55:29', '2023-03-21 01:55:29'),
(450, 'UCH SHRIF', 1, '2', '250', '160', '5-6 DAYS', '2023-03-21 01:55:29', '2023-03-21 01:55:29'),
(466, 'No City', 1, '0', '0', '0', '0 DAYS', '2023-03-20 19:00:00', '2023-03-20 19:00:00');

-- --------------------------------------------------------

--
-- Table structure for table `contacts`
--

CREATE TABLE `contacts` (
  `id` bigint(20) UNSIGNED NOT NULL,
  `created_at` timestamp NULL DEFAULT NULL,
  `updated_at` timestamp NULL DEFAULT NULL
) ENGINE=InnoDB DEFAULT CHARSET=utf8mb4 COLLATE=utf8mb4_unicode_ci;

-- --------------------------------------------------------

--
-- Table structure for table `data_rows`
--

CREATE TABLE `data_rows` (
  `id` int(10) UNSIGNED NOT NULL,
  `data_type_id` int(10) UNSIGNED NOT NULL,
  `field` varchar(191) COLLATE utf8mb4_unicode_ci NOT NULL,
  `type` varchar(191) COLLATE utf8mb4_unicode_ci NOT NULL,
  `display_name` varchar(191) COLLATE utf8mb4_unicode_ci NOT NULL,
  `required` tinyint(1) NOT NULL DEFAULT 0,
  `browse` tinyint(1) NOT NULL DEFAULT 1,
  `read` tinyint(1) NOT NULL DEFAULT 1,
  `edit` tinyint(1) NOT NULL DEFAULT 1,
  `add` tinyint(1) NOT NULL DEFAULT 1,
  `delete` tinyint(1) NOT NULL DEFAULT 1,
  `details` text COLLATE utf8mb4_unicode_ci DEFAULT NULL,
  `order` int(11) NOT NULL DEFAULT 1
) ENGINE=InnoDB DEFAULT CHARSET=utf8mb4 COLLATE=utf8mb4_unicode_ci;

--
-- Dumping data for table `data_rows`
--

INSERT INTO `data_rows` (`id`, `data_type_id`, `field`, `type`, `display_name`, `required`, `browse`, `read`, `edit`, `add`, `delete`, `details`, `order`) VALUES
(1, 1, 'id', 'number', 'ID', 1, 0, 0, 0, 0, 0, NULL, 1),
(2, 1, 'name', 'text', 'Name', 1, 1, 1, 1, 1, 1, NULL, 2),
(3, 1, 'email', 'text', 'Email', 1, 1, 1, 1, 1, 1, NULL, 3),
(4, 1, 'password', 'password', 'Password', 1, 0, 0, 1, 1, 0, NULL, 4),
(5, 1, 'remember_token', 'text', 'Remember Token', 0, 0, 0, 0, 0, 0, NULL, 5),
(6, 1, 'created_at', 'timestamp', 'Created At', 0, 1, 1, 0, 0, 0, NULL, 6),
(7, 1, 'updated_at', 'timestamp', 'Updated At', 0, 0, 0, 0, 0, 0, NULL, 7),
(8, 1, 'avatar', 'image', 'Avatar', 0, 1, 1, 1, 1, 1, NULL, 8),
(9, 1, 'user_belongsto_role_relationship', 'relationship', 'Role', 0, 1, 1, 1, 1, 0, '{\"model\":\"TCG\\\\Voyager\\\\Models\\\\Role\",\"table\":\"roles\",\"type\":\"belongsTo\",\"column\":\"role_id\",\"key\":\"id\",\"label\":\"display_name\",\"pivot_table\":\"roles\",\"pivot\":0}', 10),
(10, 1, 'user_belongstomany_role_relationship', 'relationship', 'Roles', 0, 1, 1, 1, 1, 0, '{\"model\":\"TCG\\\\Voyager\\\\Models\\\\Role\",\"table\":\"roles\",\"type\":\"belongsToMany\",\"column\":\"id\",\"key\":\"id\",\"label\":\"display_name\",\"pivot_table\":\"user_roles\",\"pivot\":\"1\",\"taggable\":\"0\"}', 11),
(11, 1, 'settings', 'hidden', 'Settings', 0, 0, 0, 0, 0, 0, NULL, 12),
(12, 2, 'id', 'number', 'ID', 1, 0, 0, 0, 0, 0, NULL, 1),
(13, 2, 'name', 'text', 'Name', 1, 1, 1, 1, 1, 1, NULL, 2),
(14, 2, 'created_at', 'timestamp', 'Created At', 0, 0, 0, 0, 0, 0, NULL, 3),
(15, 2, 'updated_at', 'timestamp', 'Updated At', 0, 0, 0, 0, 0, 0, NULL, 4),
(16, 3, 'id', 'number', 'ID', 1, 0, 0, 0, 0, 0, NULL, 1),
(17, 3, 'name', 'text', 'Name', 1, 1, 1, 1, 1, 1, NULL, 2),
(18, 3, 'created_at', 'timestamp', 'Created At', 0, 0, 0, 0, 0, 0, NULL, 3),
(19, 3, 'updated_at', 'timestamp', 'Updated At', 0, 0, 0, 0, 0, 0, NULL, 4),
(20, 3, 'display_name', 'text', 'Display Name', 1, 1, 1, 1, 1, 1, NULL, 5),
(21, 1, 'role_id', 'text', 'Role', 1, 1, 1, 1, 1, 1, NULL, 9),
(22, 4, 'id', 'number', 'ID', 1, 0, 0, 0, 0, 0, NULL, 1),
(23, 4, 'parent_id', 'select_dropdown', 'Parent', 0, 0, 1, 1, 1, 1, '{\"default\":\"\",\"null\":\"\",\"options\":{\"\":\"-- None --\"},\"relationship\":{\"key\":\"id\",\"label\":\"name\"}}', 2),
(24, 4, 'order', 'text', 'Order', 1, 1, 1, 1, 1, 1, '{\"default\":1}', 3),
(25, 4, 'name', 'text', 'Name', 1, 1, 1, 1, 1, 1, NULL, 4),
(26, 4, 'slug', 'text', 'Slug', 1, 1, 1, 1, 1, 1, '{\"slugify\":{\"origin\":\"name\"}}', 5),
(27, 4, 'created_at', 'timestamp', 'Created At', 0, 0, 1, 0, 0, 0, NULL, 6),
(28, 4, 'updated_at', 'timestamp', 'Updated At', 0, 0, 0, 0, 0, 0, NULL, 7),
(29, 5, 'id', 'number', 'ID', 1, 0, 0, 0, 0, 0, NULL, 1),
(30, 5, 'author_id', 'text', 'Author', 1, 0, 1, 1, 0, 1, NULL, 2),
(31, 5, 'category_id', 'text', 'Category', 1, 0, 1, 1, 1, 0, NULL, 3),
(32, 5, 'title', 'text', 'Title', 1, 1, 1, 1, 1, 1, NULL, 4),
(33, 5, 'excerpt', 'text_area', 'Excerpt', 1, 0, 1, 1, 1, 1, NULL, 5),
(34, 5, 'body', 'rich_text_box', 'Body', 1, 0, 1, 1, 1, 1, NULL, 6),
(35, 5, 'image', 'image', 'Post Image', 0, 1, 1, 1, 1, 1, '{\"resize\":{\"width\":\"1000\",\"height\":\"null\"},\"quality\":\"70%\",\"upsize\":true,\"thumbnails\":[{\"name\":\"medium\",\"scale\":\"50%\"},{\"name\":\"small\",\"scale\":\"25%\"},{\"name\":\"cropped\",\"crop\":{\"width\":\"300\",\"height\":\"250\"}}]}', 7),
(36, 5, 'slug', 'text', 'Slug', 1, 0, 1, 1, 1, 1, '{\"slugify\":{\"origin\":\"title\",\"forceUpdate\":true},\"validation\":{\"rule\":\"unique:posts,slug\"}}', 8),
(37, 5, 'meta_description', 'text_area', 'Meta Description', 1, 0, 1, 1, 1, 1, NULL, 9),
(38, 5, 'meta_keywords', 'text_area', 'Meta Keywords', 1, 0, 1, 1, 1, 1, NULL, 10),
(39, 5, 'status', 'select_dropdown', 'Status', 1, 1, 1, 1, 1, 1, '{\"default\":\"DRAFT\",\"options\":{\"PUBLISHED\":\"published\",\"DRAFT\":\"draft\",\"PENDING\":\"pending\"}}', 11),
(40, 5, 'created_at', 'timestamp', 'Created At', 0, 1, 1, 0, 0, 0, NULL, 12),
(41, 5, 'updated_at', 'timestamp', 'Updated At', 0, 0, 0, 0, 0, 0, NULL, 13),
(42, 5, 'seo_title', 'text', 'SEO Title', 0, 1, 1, 1, 1, 1, NULL, 14),
(43, 5, 'featured', 'checkbox', 'Featured', 1, 1, 1, 1, 1, 1, NULL, 15),
(44, 6, 'id', 'number', 'ID', 1, 0, 0, 0, 0, 0, NULL, 1),
(45, 6, 'author_id', 'text', 'Author', 1, 0, 0, 0, 0, 0, NULL, 2),
(46, 6, 'title', 'text', 'Title', 1, 1, 1, 1, 1, 1, NULL, 3),
(47, 6, 'excerpt', 'text_area', 'Excerpt', 1, 0, 1, 1, 1, 1, NULL, 4),
(48, 6, 'body', 'rich_text_box', 'Body', 1, 0, 1, 1, 1, 1, NULL, 5),
(49, 6, 'slug', 'text', 'Slug', 1, 0, 1, 1, 1, 1, '{\"slugify\":{\"origin\":\"title\"},\"validation\":{\"rule\":\"unique:pages,slug\"}}', 6),
(50, 6, 'meta_description', 'text', 'Meta Description', 1, 0, 1, 1, 1, 1, NULL, 7),
(51, 6, 'meta_keywords', 'text', 'Meta Keywords', 1, 0, 1, 1, 1, 1, NULL, 8),
(52, 6, 'status', 'select_dropdown', 'Status', 1, 1, 1, 1, 1, 1, '{\"default\":\"INACTIVE\",\"options\":{\"INACTIVE\":\"INACTIVE\",\"ACTIVE\":\"ACTIVE\"}}', 9),
(53, 6, 'created_at', 'timestamp', 'Created At', 1, 1, 1, 0, 0, 0, NULL, 10),
(54, 6, 'updated_at', 'timestamp', 'Updated At', 1, 0, 0, 0, 0, 0, NULL, 11),
(55, 6, 'image', 'image', 'Page Image', 0, 1, 1, 1, 1, 1, NULL, 12);

-- --------------------------------------------------------

--
-- Table structure for table `data_types`
--

CREATE TABLE `data_types` (
  `id` int(10) UNSIGNED NOT NULL,
  `name` varchar(191) COLLATE utf8mb4_unicode_ci NOT NULL,
  `slug` varchar(191) COLLATE utf8mb4_unicode_ci NOT NULL,
  `display_name_singular` varchar(191) COLLATE utf8mb4_unicode_ci NOT NULL,
  `display_name_plural` varchar(191) COLLATE utf8mb4_unicode_ci NOT NULL,
  `icon` varchar(191) COLLATE utf8mb4_unicode_ci DEFAULT NULL,
  `model_name` varchar(191) COLLATE utf8mb4_unicode_ci DEFAULT NULL,
  `policy_name` varchar(191) COLLATE utf8mb4_unicode_ci DEFAULT NULL,
  `controller` varchar(191) COLLATE utf8mb4_unicode_ci DEFAULT NULL,
  `description` varchar(191) COLLATE utf8mb4_unicode_ci DEFAULT NULL,
  `generate_permissions` tinyint(1) NOT NULL DEFAULT 0,
  `server_side` tinyint(4) NOT NULL DEFAULT 0,
  `details` text COLLATE utf8mb4_unicode_ci DEFAULT NULL,
  `created_at` timestamp NULL DEFAULT NULL,
  `updated_at` timestamp NULL DEFAULT NULL
) ENGINE=InnoDB DEFAULT CHARSET=utf8mb4 COLLATE=utf8mb4_unicode_ci;

--
-- Dumping data for table `data_types`
--

INSERT INTO `data_types` (`id`, `name`, `slug`, `display_name_singular`, `display_name_plural`, `icon`, `model_name`, `policy_name`, `controller`, `description`, `generate_permissions`, `server_side`, `details`, `created_at`, `updated_at`) VALUES
(1, 'users', 'users', 'User', 'Users', 'voyager-person', 'TCG\\Voyager\\Models\\User', 'TCG\\Voyager\\Policies\\UserPolicy', 'TCG\\Voyager\\Http\\Controllers\\VoyagerUserController', '', 1, 0, NULL, '2023-03-21 03:35:01', '2023-03-21 03:35:01'),
(2, 'menus', 'menus', 'Menu', 'Menus', 'voyager-list', 'TCG\\Voyager\\Models\\Menu', NULL, '', '', 1, 0, NULL, '2023-03-21 03:35:01', '2023-03-21 03:35:01'),
(3, 'roles', 'roles', 'Role', 'Roles', 'voyager-lock', 'TCG\\Voyager\\Models\\Role', NULL, 'TCG\\Voyager\\Http\\Controllers\\VoyagerRoleController', '', 1, 0, NULL, '2023-03-21 03:35:01', '2023-03-21 03:35:01'),
(4, 'categories', 'categories', 'Category', 'Categories', 'voyager-categories', 'TCG\\Voyager\\Models\\Category', NULL, '', '', 1, 0, NULL, '2023-03-21 03:35:01', '2023-03-21 03:35:01'),
(5, 'posts', 'posts', 'Post', 'Posts', 'voyager-news', 'TCG\\Voyager\\Models\\Post', 'TCG\\Voyager\\Policies\\PostPolicy', '', '', 1, 0, NULL, '2023-03-21 03:35:01', '2023-03-21 03:35:01'),
(6, 'pages', 'pages', 'Page', 'Pages', 'voyager-file-text', 'TCG\\Voyager\\Models\\Page', NULL, '', '', 1, 0, NULL, '2023-03-21 03:35:01', '2023-03-21 03:35:01');

-- --------------------------------------------------------

--
-- Table structure for table `failed_jobs`
--

CREATE TABLE `failed_jobs` (
  `id` bigint(20) UNSIGNED NOT NULL,
  `connection` text COLLATE utf8mb4_unicode_ci NOT NULL,
  `queue` text COLLATE utf8mb4_unicode_ci NOT NULL,
  `payload` longtext COLLATE utf8mb4_unicode_ci NOT NULL,
  `exception` longtext COLLATE utf8mb4_unicode_ci NOT NULL,
  `failed_at` timestamp NOT NULL DEFAULT current_timestamp()
) ENGINE=InnoDB DEFAULT CHARSET=utf8mb4 COLLATE=utf8mb4_unicode_ci;

-- --------------------------------------------------------

--
-- Table structure for table `menus`
--

CREATE TABLE `menus` (
  `id` int(10) UNSIGNED NOT NULL,
  `name` varchar(191) COLLATE utf8mb4_unicode_ci NOT NULL,
  `created_at` timestamp NULL DEFAULT NULL,
  `updated_at` timestamp NULL DEFAULT NULL
) ENGINE=InnoDB DEFAULT CHARSET=utf8mb4 COLLATE=utf8mb4_unicode_ci;

--
-- Dumping data for table `menus`
--

INSERT INTO `menus` (`id`, `name`, `created_at`, `updated_at`) VALUES
(1, 'admin', '2023-03-21 03:35:01', '2023-03-21 03:35:01');

-- --------------------------------------------------------

--
-- Table structure for table `menu_items`
--

CREATE TABLE `menu_items` (
  `id` int(10) UNSIGNED NOT NULL,
  `menu_id` int(10) UNSIGNED DEFAULT NULL,
  `title` varchar(191) COLLATE utf8mb4_unicode_ci NOT NULL,
  `url` varchar(191) COLLATE utf8mb4_unicode_ci NOT NULL,
  `target` varchar(191) COLLATE utf8mb4_unicode_ci NOT NULL DEFAULT '_self',
  `icon_class` varchar(191) COLLATE utf8mb4_unicode_ci DEFAULT NULL,
  `color` varchar(191) COLLATE utf8mb4_unicode_ci DEFAULT NULL,
  `parent_id` int(11) DEFAULT NULL,
  `order` int(11) NOT NULL,
  `created_at` timestamp NULL DEFAULT NULL,
  `updated_at` timestamp NULL DEFAULT NULL,
  `route` varchar(191) COLLATE utf8mb4_unicode_ci DEFAULT NULL,
  `parameters` text COLLATE utf8mb4_unicode_ci DEFAULT NULL
) ENGINE=InnoDB DEFAULT CHARSET=utf8mb4 COLLATE=utf8mb4_unicode_ci;

--
-- Dumping data for table `menu_items`
--

INSERT INTO `menu_items` (`id`, `menu_id`, `title`, `url`, `target`, `icon_class`, `color`, `parent_id`, `order`, `created_at`, `updated_at`, `route`, `parameters`) VALUES
(1, 1, 'Dashboard', '', '_self', 'voyager-boat', NULL, NULL, 1, '2023-03-21 03:35:01', '2023-03-21 03:35:01', 'voyager.dashboard', NULL),
(2, 1, 'Media', '', '_self', 'voyager-images', NULL, NULL, 5, '2023-03-21 03:35:01', '2023-03-21 03:35:01', 'voyager.media.index', NULL),
(3, 1, 'Users', '', '_self', 'voyager-person', NULL, NULL, 3, '2023-03-21 03:35:01', '2023-03-21 03:35:01', 'voyager.users.index', NULL),
(4, 1, 'Roles', '', '_self', 'voyager-lock', NULL, NULL, 2, '2023-03-21 03:35:01', '2023-03-21 03:35:01', 'voyager.roles.index', NULL),
(5, 1, 'Tools', '', '_self', 'voyager-tools', NULL, NULL, 9, '2023-03-21 03:35:01', '2023-03-21 03:35:01', NULL, NULL),
(6, 1, 'Menu Builder', '', '_self', 'voyager-list', NULL, 5, 10, '2023-03-21 03:35:01', '2023-03-21 03:35:01', 'voyager.menus.index', NULL),
(7, 1, 'Database', '', '_self', 'voyager-data', NULL, 5, 11, '2023-03-21 03:35:01', '2023-03-21 03:35:01', 'voyager.database.index', NULL),
(8, 1, 'Compass', '', '_self', 'voyager-compass', NULL, 5, 12, '2023-03-21 03:35:01', '2023-03-21 03:35:01', 'voyager.compass.index', NULL),
(9, 1, 'BREAD', '', '_self', 'voyager-bread', NULL, 5, 13, '2023-03-21 03:35:01', '2023-03-21 03:35:01', 'voyager.bread.index', NULL),
(10, 1, 'Settings', '', '_self', 'voyager-settings', NULL, NULL, 14, '2023-03-21 03:35:01', '2023-03-21 03:35:01', 'voyager.settings.index', NULL),
(11, 1, 'Categories', '', '_self', 'voyager-categories', NULL, NULL, 8, '2023-03-21 03:35:01', '2023-03-21 03:35:01', 'voyager.categories.index', NULL),
(12, 1, 'Posts', '', '_self', 'voyager-news', NULL, NULL, 6, '2023-03-21 03:35:01', '2023-03-21 03:35:01', 'voyager.posts.index', NULL),
(13, 1, 'Pages', '', '_self', 'voyager-file-text', NULL, NULL, 7, '2023-03-21 03:35:01', '2023-03-21 03:35:01', 'voyager.pages.index', NULL);

-- --------------------------------------------------------

--
-- Table structure for table `migrations`
--

CREATE TABLE `migrations` (
  `id` int(10) UNSIGNED NOT NULL,
  `migration` varchar(191) COLLATE utf8mb4_unicode_ci NOT NULL,
  `batch` int(11) NOT NULL
) ENGINE=InnoDB DEFAULT CHARSET=utf8mb4 COLLATE=utf8mb4_unicode_ci;

--
-- Dumping data for table `migrations`
--

INSERT INTO `migrations` (`id`, `migration`, `batch`) VALUES
(1, '2014_10_12_000000_create_users_table', 1),
(2, '2014_10_12_100000_create_password_resets_table', 1),
(3, '2019_08_19_000000_create_failed_jobs_table', 1),
(4, '2020_03_10_134850_create_parcels_table', 1),
(5, '2020_03_27_184035_create_sessions_table', 1),
(6, '2020_03_28_143126_create_contacts_table', 1),
(7, '2020_04_03_194752_add_mobile_to_users', 1),
(8, '2020_04_03_200821_create_users_roles_table', 1),
(9, '2020_04_03_201519_add_fkey_roles_to_users', 1),
(10, '2020_04_04_015451_add_cnic_originality_users_table', 1),
(11, '2020_04_04_022140_make_cnic_unique_users_table', 1),
(12, '2020_04_16_180916_create_tests_table', 1),
(13, '2020_04_19_053510_create_user_personal_data_table', 1),
(14, '2020_04_19_055339_set_null_fields_user_personal_data', 1),
(15, '2020_04_19_064309_add_confirmation_fields_user_personal_data', 1),
(16, '2020_05_02_234509_create_addresslogs_table', 1),
(17, '2020_05_02_235814_create_statuses_table', 1),
(18, '2020_05_03_000310_parcel_status', 1),
(19, '2020_05_03_000744_create_cities_table', 1),
(20, '2020_05_03_002424_add_fkeys_to_addresslogs', 1),
(21, '2020_05_03_002946_add_fkeys_to_parcels', 1),
(22, '2019_12_14_000001_create_personal_access_tokens_table', 2),
(23, '2020_05_12_213846_add_delivery_time_to_cities', 2),
(24, '2020_05_13_185847_add_optionalfields_to_parcel', 2),
(25, '2020_05_16_191556_add_address_to_users', 2),
(26, '2020_05_17_035732_create_accountdetails_table', 2),
(27, '2020_05_17_103502_add_softdelete_to_parcels', 2),
(28, '2020_05_17_140315_drop_fkey_add_fields_to_parcels', 2),
(29, '2020_05_22_023054_originalities', 2),
(30, '2020_05_23_200316_add_accountcode_to_users', 2),
(31, '2020_05_30_220638_add_created_by_to_addresslogs', 2),
(32, '2020_05_31_005409_add_weight_price_to_cities', 2),
(33, '2020_06_02_001051_add_more_amount_fields_to_parcels', 2),
(34, '2020_06_08_222310_add_current_status_in_parcels', 2),
(35, '2020_06_26_045200_add_addresslogfields_parcels_table', 2),
(36, '2020_06_26_061836_remove_addresslog_id_parcels_table', 2),
(37, '2020_11_25_010144_create_news_table', 2),
(38, '2020_11_28_011859_add_remaining_amount', 2),
(39, '2023_03_21_070015_add_city_id_reference_on_parcels', 3),
(40, '2016_01_01_000000_add_voyager_user_fields', 4),
(41, '2016_01_01_000000_create_data_types_table', 4),
(42, '2016_05_19_173453_create_menu_table', 4),
(43, '2016_10_21_190000_create_roles_table', 4),
(44, '2016_10_21_190000_create_settings_table', 4),
(45, '2016_11_30_135954_create_permission_table', 4),
(46, '2016_11_30_141208_create_permission_role_table', 4),
(47, '2016_12_26_201236_data_types__add__server_side', 4),
(48, '2017_01_13_000000_add_route_to_menu_items_table', 4),
(49, '2017_01_14_005015_create_translations_table', 4),
(50, '2017_01_15_000000_make_table_name_nullable_in_permissions_table', 4),
(51, '2017_03_06_000000_add_controller_to_data_types_table', 4),
(52, '2017_04_21_000000_add_order_to_data_rows_table', 4),
(53, '2017_07_05_210000_add_policyname_to_data_types_table', 4),
(54, '2017_08_05_000000_add_group_to_settings_table', 4),
(55, '2017_11_26_013050_add_user_role_relationship', 4),
(56, '2017_11_26_015000_create_user_roles_table', 4),
(57, '2018_03_11_000000_add_user_settings', 4),
(58, '2018_03_14_000000_add_details_to_data_types_table', 4),
(59, '2018_03_16_000000_make_settings_value_nullable', 4),
(60, '2016_01_01_000000_create_pages_table', 5),
(61, '2016_01_01_000000_create_posts_table', 5),
(62, '2016_02_15_204651_create_categories_table', 5),
(63, '2017_04_11_000000_alter_post_nullable_fields_table', 5);

-- --------------------------------------------------------

--
-- Table structure for table `news`
--

CREATE TABLE `news` (
  `id` bigint(20) UNSIGNED NOT NULL,
  `content` longtext COLLATE utf8mb4_unicode_ci NOT NULL,
  `show_news` tinyint(1) NOT NULL DEFAULT 0,
  `created_at` timestamp NULL DEFAULT NULL,
  `updated_at` timestamp NULL DEFAULT NULL
) ENGINE=InnoDB DEFAULT CHARSET=utf8mb4 COLLATE=utf8mb4_unicode_ci;

-- --------------------------------------------------------

--
-- Table structure for table `originalities`
--

CREATE TABLE `originalities` (
  `id` bigint(20) UNSIGNED NOT NULL,
  `originality_verified` int(10) UNSIGNED NOT NULL,
  `status` varchar(191) COLLATE utf8mb4_unicode_ci NOT NULL,
  `created_at` timestamp NULL DEFAULT NULL,
  `updated_at` timestamp NULL DEFAULT NULL
) ENGINE=InnoDB DEFAULT CHARSET=utf8mb4 COLLATE=utf8mb4_unicode_ci;

--
-- Dumping data for table `originalities`
--

INSERT INTO `originalities` (`id`, `originality_verified`, `status`, `created_at`, `updated_at`) VALUES
(1, 0, 'user created', '2023-03-21 11:42:38', '2023-03-21 11:42:38'),
(2, 1, 'file verification', '2023-03-21 11:42:38', '2023-03-21 11:42:38'),
(3, 2, 'business verification', '2023-03-21 11:42:38', '2023-03-21 11:42:38'),
(4, 3, 'verified', '2023-03-21 11:42:38', '2023-03-21 11:42:38');

-- --------------------------------------------------------

--
-- Table structure for table `pages`
--

CREATE TABLE `pages` (
  `id` int(10) UNSIGNED NOT NULL,
  `author_id` int(11) NOT NULL,
  `title` varchar(191) COLLATE utf8mb4_unicode_ci NOT NULL,
  `excerpt` text COLLATE utf8mb4_unicode_ci DEFAULT NULL,
  `body` text COLLATE utf8mb4_unicode_ci DEFAULT NULL,
  `image` varchar(191) COLLATE utf8mb4_unicode_ci DEFAULT NULL,
  `slug` varchar(191) COLLATE utf8mb4_unicode_ci NOT NULL,
  `meta_description` text COLLATE utf8mb4_unicode_ci DEFAULT NULL,
  `meta_keywords` text COLLATE utf8mb4_unicode_ci DEFAULT NULL,
  `status` enum('ACTIVE','INACTIVE') COLLATE utf8mb4_unicode_ci NOT NULL DEFAULT 'INACTIVE',
  `created_at` timestamp NULL DEFAULT NULL,
  `updated_at` timestamp NULL DEFAULT NULL
) ENGINE=InnoDB DEFAULT CHARSET=utf8mb4 COLLATE=utf8mb4_unicode_ci;

--
-- Dumping data for table `pages`
--

INSERT INTO `pages` (`id`, `author_id`, `title`, `excerpt`, `body`, `image`, `slug`, `meta_description`, `meta_keywords`, `status`, `created_at`, `updated_at`) VALUES
(1, 0, 'Hello World', 'Hang the jib grog grog blossom grapple dance the hempen jig gangway pressgang bilge rat to go on account lugger. Nelsons folly gabion line draught scallywag fire ship gaff fluke fathom case shot. Sea Legs bilge rat sloop matey gabion long clothes run a shot across the bow Gold Road cog league.', '<p>Hello World. Scallywag grog swab Cat o\'nine tails scuttle rigging hardtack cable nipper Yellow Jack. Handsomely spirits knave lad killick landlubber or just lubber deadlights chantey pinnace crack Jennys tea cup. Provost long clothes black spot Yellow Jack bilged on her anchor league lateen sail case shot lee tackle.</p>\n<p>Ballast spirits fluke topmast me quarterdeck schooner landlubber or just lubber gabion belaying pin. Pinnace stern galleon starboard warp carouser to go on account dance the hempen jig jolly boat measured fer yer chains. Man-of-war fire in the hole nipperkin handsomely doubloon barkadeer Brethren of the Coast gibbet driver squiffy.</p>', 'pages/page1.jpg', 'hello-world', 'Yar Meta Description', 'Keyword1, Keyword2', 'ACTIVE', '2023-03-21 03:35:01', '2023-03-21 03:35:01');

-- --------------------------------------------------------

--
-- Table structure for table `parcels`
--

CREATE TABLE `parcels` (
  `id` bigint(20) UNSIGNED NOT NULL,
  `user_id` bigint(20) UNSIGNED NOT NULL,
  `assigned_parcel_number` varchar(191) COLLATE utf8mb4_unicode_ci DEFAULT NULL,
  `city_id` bigint(20) UNSIGNED NOT NULL DEFAULT 466,
  `consignee_name` varchar(191) COLLATE utf8mb4_unicode_ci NOT NULL,
  `consignee_contact` varchar(191) COLLATE utf8mb4_unicode_ci NOT NULL,
  `consignee_address` varchar(191) COLLATE utf8mb4_unicode_ci NOT NULL,
  `consignee_nearby_address` varchar(191) COLLATE utf8mb4_unicode_ci DEFAULT NULL,
  `current_last_status` varchar(191) COLLATE utf8mb4_unicode_ci DEFAULT NULL,
  `weight` double(8,2) DEFAULT NULL,
  `length` double(8,2) DEFAULT NULL,
  `width` double(8,2) DEFAULT NULL,
  `height` double(8,2) DEFAULT NULL,
  `assigned_tracking_number` varchar(191) COLLATE utf8mb4_unicode_ci DEFAULT NULL,
  `amount` decimal(8,2) NOT NULL,
  `t_basic_charges` decimal(19,2) UNSIGNED DEFAULT NULL,
  `t_booking_charges` decimal(19,2) UNSIGNED DEFAULT NULL,
  `t_cash_handling_charges` decimal(19,2) UNSIGNED DEFAULT NULL,
  `t_packing_charges` decimal(19,2) UNSIGNED DEFAULT NULL,
  `total_delivery_amount` decimal(19,2) UNSIGNED DEFAULT NULL,
  `remaining_amount` decimal(19,2) UNSIGNED DEFAULT NULL,
  `created_at` timestamp NULL DEFAULT NULL,
  `updated_at` timestamp NULL DEFAULT NULL,
  `deleted_at` timestamp NULL DEFAULT NULL
) ENGINE=InnoDB DEFAULT CHARSET=utf8mb4 COLLATE=utf8mb4_unicode_ci;

--
-- Dumping data for table `parcels`
--

INSERT INTO `parcels` (`id`, `user_id`, `assigned_parcel_number`, `city_id`, `consignee_name`, `consignee_contact`, `consignee_address`, `consignee_nearby_address`, `current_last_status`, `weight`, `length`, `width`, `height`, `assigned_tracking_number`, `amount`, `t_basic_charges`, `t_booking_charges`, `t_cash_handling_charges`, `t_packing_charges`, `total_delivery_amount`, `remaining_amount`, `created_at`, `updated_at`, `deleted_at`) VALUES
(4, 7, '1004', 196, 'Kashif Raees', '03111234567', 'Houasdadsasda', 'adasdasdasdasd', 'shipment created', 23.00, NULL, NULL, NULL, NULL, '2000.00', '150.00', NULL, NULL, NULL, '150.00', '1850.00', '2023-03-21 12:14:51', '2023-03-21 12:14:51', NULL);

-- --------------------------------------------------------

--
-- Table structure for table `parcel_status`
--

CREATE TABLE `parcel_status` (
  `id` bigint(20) UNSIGNED NOT NULL,
  `parcel_id` bigint(20) UNSIGNED NOT NULL,
  `status_id` bigint(20) UNSIGNED NOT NULL,
  `created_at` timestamp NULL DEFAULT NULL,
  `updated_at` timestamp NULL DEFAULT NULL
) ENGINE=InnoDB DEFAULT CHARSET=utf8mb4 COLLATE=utf8mb4_unicode_ci;

--
-- Dumping data for table `parcel_status`
--

INSERT INTO `parcel_status` (`id`, `parcel_id`, `status_id`, `created_at`, `updated_at`) VALUES
(11, 4, 1, '2023-03-21 12:14:51', '2023-03-21 12:14:51');

-- --------------------------------------------------------

--
-- Table structure for table `password_resets`
--

CREATE TABLE `password_resets` (
  `email` varchar(191) COLLATE utf8mb4_unicode_ci NOT NULL,
  `token` varchar(191) COLLATE utf8mb4_unicode_ci NOT NULL,
  `created_at` timestamp NULL DEFAULT NULL
) ENGINE=InnoDB DEFAULT CHARSET=utf8mb4 COLLATE=utf8mb4_unicode_ci;

-- --------------------------------------------------------

--
-- Table structure for table `permissions`
--

CREATE TABLE `permissions` (
  `id` bigint(20) UNSIGNED NOT NULL,
  `key` varchar(191) COLLATE utf8mb4_unicode_ci NOT NULL,
  `table_name` varchar(191) COLLATE utf8mb4_unicode_ci DEFAULT NULL,
  `created_at` timestamp NULL DEFAULT NULL,
  `updated_at` timestamp NULL DEFAULT NULL
) ENGINE=InnoDB DEFAULT CHARSET=utf8mb4 COLLATE=utf8mb4_unicode_ci;

--
-- Dumping data for table `permissions`
--

INSERT INTO `permissions` (`id`, `key`, `table_name`, `created_at`, `updated_at`) VALUES
(1, 'browse_admin', NULL, '2023-03-21 03:35:01', '2023-03-21 03:35:01'),
(2, 'browse_bread', NULL, '2023-03-21 03:35:01', '2023-03-21 03:35:01'),
(3, 'browse_database', NULL, '2023-03-21 03:35:01', '2023-03-21 03:35:01'),
(4, 'browse_media', NULL, '2023-03-21 03:35:01', '2023-03-21 03:35:01'),
(5, 'browse_compass', NULL, '2023-03-21 03:35:01', '2023-03-21 03:35:01'),
(6, 'browse_menus', 'menus', '2023-03-21 03:35:01', '2023-03-21 03:35:01'),
(7, 'read_menus', 'menus', '2023-03-21 03:35:01', '2023-03-21 03:35:01'),
(8, 'edit_menus', 'menus', '2023-03-21 03:35:01', '2023-03-21 03:35:01'),
(9, 'add_menus', 'menus', '2023-03-21 03:35:01', '2023-03-21 03:35:01'),
(10, 'delete_menus', 'menus', '2023-03-21 03:35:01', '2023-03-21 03:35:01'),
(11, 'browse_roles', 'roles', '2023-03-21 03:35:01', '2023-03-21 03:35:01'),
(12, 'read_roles', 'roles', '2023-03-21 03:35:01', '2023-03-21 03:35:01'),
(13, 'edit_roles', 'roles', '2023-03-21 03:35:01', '2023-03-21 03:35:01'),
(14, 'add_roles', 'roles', '2023-03-21 03:35:01', '2023-03-21 03:35:01'),
(15, 'delete_roles', 'roles', '2023-03-21 03:35:01', '2023-03-21 03:35:01'),
(16, 'browse_users', 'users', '2023-03-21 03:35:01', '2023-03-21 03:35:01'),
(17, 'read_users', 'users', '2023-03-21 03:35:01', '2023-03-21 03:35:01'),
(18, 'edit_users', 'users', '2023-03-21 03:35:01', '2023-03-21 03:35:01'),
(19, 'add_users', 'users', '2023-03-21 03:35:01', '2023-03-21 03:35:01'),
(20, 'delete_users', 'users', '2023-03-21 03:35:01', '2023-03-21 03:35:01'),
(21, 'browse_settings', 'settings', '2023-03-21 03:35:01', '2023-03-21 03:35:01'),
(22, 'read_settings', 'settings', '2023-03-21 03:35:01', '2023-03-21 03:35:01'),
(23, 'edit_settings', 'settings', '2023-03-21 03:35:01', '2023-03-21 03:35:01'),
(24, 'add_settings', 'settings', '2023-03-21 03:35:01', '2023-03-21 03:35:01'),
(25, 'delete_settings', 'settings', '2023-03-21 03:35:01', '2023-03-21 03:35:01'),
(26, 'browse_categories', 'categories', '2023-03-21 03:35:01', '2023-03-21 03:35:01'),
(27, 'read_categories', 'categories', '2023-03-21 03:35:01', '2023-03-21 03:35:01'),
(28, 'edit_categories', 'categories', '2023-03-21 03:35:01', '2023-03-21 03:35:01'),
(29, 'add_categories', 'categories', '2023-03-21 03:35:01', '2023-03-21 03:35:01'),
(30, 'delete_categories', 'categories', '2023-03-21 03:35:01', '2023-03-21 03:35:01'),
(31, 'browse_posts', 'posts', '2023-03-21 03:35:01', '2023-03-21 03:35:01'),
(32, 'read_posts', 'posts', '2023-03-21 03:35:01', '2023-03-21 03:35:01'),
(33, 'edit_posts', 'posts', '2023-03-21 03:35:01', '2023-03-21 03:35:01'),
(34, 'add_posts', 'posts', '2023-03-21 03:35:01', '2023-03-21 03:35:01'),
(35, 'delete_posts', 'posts', '2023-03-21 03:35:01', '2023-03-21 03:35:01'),
(36, 'browse_pages', 'pages', '2023-03-21 03:35:01', '2023-03-21 03:35:01'),
(37, 'read_pages', 'pages', '2023-03-21 03:35:01', '2023-03-21 03:35:01'),
(38, 'edit_pages', 'pages', '2023-03-21 03:35:01', '2023-03-21 03:35:01'),
(39, 'add_pages', 'pages', '2023-03-21 03:35:01', '2023-03-21 03:35:01'),
(40, 'delete_pages', 'pages', '2023-03-21 03:35:01', '2023-03-21 03:35:01');

-- --------------------------------------------------------

--
-- Table structure for table `permission_role`
--

CREATE TABLE `permission_role` (
  `permission_id` bigint(20) UNSIGNED NOT NULL,
  `role_id` bigint(20) UNSIGNED NOT NULL
) ENGINE=InnoDB DEFAULT CHARSET=utf8mb4 COLLATE=utf8mb4_unicode_ci;

--
-- Dumping data for table `permission_role`
--

INSERT INTO `permission_role` (`permission_id`, `role_id`) VALUES
(1, 1),
(2, 1),
(3, 1),
(4, 1),
(5, 1),
(6, 1),
(7, 1),
(8, 1),
(9, 1),
(10, 1),
(11, 1),
(12, 1),
(13, 1),
(14, 1),
(15, 1),
(16, 1),
(17, 1),
(18, 1),
(19, 1),
(20, 1),
(21, 1),
(22, 1),
(23, 1),
(24, 1),
(25, 1),
(26, 1),
(27, 1),
(28, 1),
(29, 1),
(30, 1),
(31, 1),
(32, 1),
(33, 1),
(34, 1),
(35, 1),
(36, 1),
(37, 1),
(38, 1),
(39, 1),
(40, 1);

-- --------------------------------------------------------

--
-- Table structure for table `personal_access_tokens`
--

CREATE TABLE `personal_access_tokens` (
  `id` bigint(20) UNSIGNED NOT NULL,
  `tokenable_type` varchar(191) COLLATE utf8mb4_unicode_ci NOT NULL,
  `tokenable_id` bigint(20) UNSIGNED NOT NULL,
  `name` varchar(191) COLLATE utf8mb4_unicode_ci NOT NULL,
  `token` varchar(64) COLLATE utf8mb4_unicode_ci NOT NULL,
  `abilities` text COLLATE utf8mb4_unicode_ci DEFAULT NULL,
  `last_used_at` timestamp NULL DEFAULT NULL,
  `expires_at` timestamp NULL DEFAULT NULL,
  `created_at` timestamp NULL DEFAULT NULL,
  `updated_at` timestamp NULL DEFAULT NULL
) ENGINE=InnoDB DEFAULT CHARSET=utf8mb4 COLLATE=utf8mb4_unicode_ci;

-- --------------------------------------------------------

--
-- Table structure for table `posts`
--

CREATE TABLE `posts` (
  `id` int(10) UNSIGNED NOT NULL,
  `author_id` int(11) NOT NULL,
  `category_id` int(11) DEFAULT NULL,
  `title` varchar(191) COLLATE utf8mb4_unicode_ci NOT NULL,
  `seo_title` varchar(191) COLLATE utf8mb4_unicode_ci DEFAULT NULL,
  `excerpt` text COLLATE utf8mb4_unicode_ci DEFAULT NULL,
  `body` text COLLATE utf8mb4_unicode_ci NOT NULL,
  `image` varchar(191) COLLATE utf8mb4_unicode_ci DEFAULT NULL,
  `slug` varchar(191) COLLATE utf8mb4_unicode_ci NOT NULL,
  `meta_description` text COLLATE utf8mb4_unicode_ci DEFAULT NULL,
  `meta_keywords` text COLLATE utf8mb4_unicode_ci DEFAULT NULL,
  `status` enum('PUBLISHED','DRAFT','PENDING') COLLATE utf8mb4_unicode_ci NOT NULL DEFAULT 'DRAFT',
  `featured` tinyint(1) NOT NULL DEFAULT 0,
  `created_at` timestamp NULL DEFAULT NULL,
  `updated_at` timestamp NULL DEFAULT NULL
) ENGINE=InnoDB DEFAULT CHARSET=utf8mb4 COLLATE=utf8mb4_unicode_ci;

--
-- Dumping data for table `posts`
--

INSERT INTO `posts` (`id`, `author_id`, `category_id`, `title`, `seo_title`, `excerpt`, `body`, `image`, `slug`, `meta_description`, `meta_keywords`, `status`, `featured`, `created_at`, `updated_at`) VALUES
(1, 0, NULL, 'Lorem Ipsum Post', NULL, 'This is the excerpt for the Lorem Ipsum Post', '<p>This is the body of the lorem ipsum post</p>', 'posts/post1.jpg', 'lorem-ipsum-post', 'This is the meta description', 'keyword1, keyword2, keyword3', 'PUBLISHED', 0, '2023-03-21 03:35:01', '2023-03-21 03:35:01'),
(2, 0, NULL, 'My Sample Post', NULL, 'This is the excerpt for the sample Post', '<p>This is the body for the sample post, which includes the body.</p>\n                <h2>We can use all kinds of format!</h2>\n                <p>And include a bunch of other stuff.</p>', 'posts/post2.jpg', 'my-sample-post', 'Meta Description for sample post', 'keyword1, keyword2, keyword3', 'PUBLISHED', 0, '2023-03-21 03:35:01', '2023-03-21 03:35:01'),
(3, 0, NULL, 'Latest Post', NULL, 'This is the excerpt for the latest post', '<p>This is the body for the latest post</p>', 'posts/post3.jpg', 'latest-post', 'This is the meta description', 'keyword1, keyword2, keyword3', 'PUBLISHED', 0, '2023-03-21 03:35:01', '2023-03-21 03:35:01'),
(4, 0, NULL, 'Yarr Post', NULL, 'Reef sails nipperkin bring a spring upon her cable coffer jury mast spike marooned Pieces of Eight poop deck pillage. Clipper driver coxswain galleon hempen halter come about pressgang gangplank boatswain swing the lead. Nipperkin yard skysail swab lanyard Blimey bilge water ho quarter Buccaneer.', '<p>Swab deadlights Buccaneer fire ship square-rigged dance the hempen jig weigh anchor cackle fruit grog furl. Crack Jennys tea cup chase guns pressgang hearties spirits hogshead Gold Road six pounders fathom measured fer yer chains. Main sheet provost come about trysail barkadeer crimp scuttle mizzenmast brig plunder.</p>\n<p>Mizzen league keelhaul galleon tender cog chase Barbary Coast doubloon crack Jennys tea cup. Blow the man down lugsail fire ship pinnace cackle fruit line warp Admiral of the Black strike colors doubloon. Tackle Jack Ketch come about crimp rum draft scuppers run a shot across the bow haul wind maroon.</p>\n<p>Interloper heave down list driver pressgang holystone scuppers tackle scallywag bilged on her anchor. Jack Tar interloper draught grapple mizzenmast hulk knave cable transom hogshead. Gaff pillage to go on account grog aft chase guns piracy yardarm knave clap of thunder.</p>', 'posts/post4.jpg', 'yarr-post', 'this be a meta descript', 'keyword1, keyword2, keyword3', 'PUBLISHED', 0, '2023-03-21 03:35:01', '2023-03-21 03:35:01');

-- --------------------------------------------------------

--
-- Table structure for table `roles`
--

CREATE TABLE `roles` (
  `id` bigint(20) UNSIGNED NOT NULL,
  `name` varchar(191) COLLATE utf8mb4_unicode_ci NOT NULL,
  `display_name` varchar(191) COLLATE utf8mb4_unicode_ci NOT NULL,
  `created_at` timestamp NULL DEFAULT NULL,
  `updated_at` timestamp NULL DEFAULT NULL
) ENGINE=InnoDB DEFAULT CHARSET=utf8mb4 COLLATE=utf8mb4_unicode_ci;

--
-- Dumping data for table `roles`
--

INSERT INTO `roles` (`id`, `name`, `display_name`, `created_at`, `updated_at`) VALUES
(1, 'admin', 'Administrator', '2023-03-21 03:35:01', '2023-03-21 03:35:01'),
(2, 'customer', 'Normal User', '2023-03-21 03:35:01', '2023-03-21 03:35:01');

-- --------------------------------------------------------

--
-- Table structure for table `sessions`
--

CREATE TABLE `sessions` (
  `id` varchar(191) COLLATE utf8mb4_unicode_ci NOT NULL,
  `user_id` bigint(20) UNSIGNED DEFAULT NULL,
  `ip_address` varchar(45) COLLATE utf8mb4_unicode_ci DEFAULT NULL,
  `user_agent` text COLLATE utf8mb4_unicode_ci DEFAULT NULL,
  `payload` text COLLATE utf8mb4_unicode_ci NOT NULL,
  `last_activity` int(11) NOT NULL
) ENGINE=InnoDB DEFAULT CHARSET=utf8mb4 COLLATE=utf8mb4_unicode_ci;

--
-- Dumping data for table `sessions`
--

INSERT INTO `sessions` (`id`, `user_id`, `ip_address`, `user_agent`, `payload`, `last_activity`) VALUES
('05ybCV6p8RCZcdsCpBbhAqnq4lbwXav41JBxlPjd', NULL, '127.0.0.1', 'Mozilla/5.0 (Macintosh; Intel Mac OS X 10_15_7) AppleWebKit/537.36 (KHTML, like Gecko) Chrome/111.0.0.0 Safari/537.36', 'YTozOntzOjY6Il90b2tlbiI7czo0MDoiZUg0Y1pFZVJ2bjJKdUJwQjNMd2FmbG9QTVJSZWhZc2R1MXUwbjV2OCI7czo5OiJfcHJldmlvdXMiO2E6MTp7czozOiJ1cmwiO3M6Mjc6Imh0dHA6Ly9sb2NhbGhvc3Q6ODAwMC9sb2dpbiI7fXM6NjoiX2ZsYXNoIjthOjI6e3M6Mzoib2xkIjthOjA6e31zOjM6Im5ldyI7YTowOnt9fX0=', 1679399002),
('0um4DWMbdVybdwDUD0m5UcJ4syIwaBRL5iRsyn7A', NULL, '127.0.0.1', 'Mozilla/5.0 (Macintosh; Intel Mac OS X 10_15_7) AppleWebKit/537.36 (KHTML, like Gecko) Chrome/111.0.0.0 Safari/537.36', 'YTozOntzOjY6Il90b2tlbiI7czo0MDoiZ3NsRFVKdmhKSWlpR2w5dFZpTVdRS1R2akpTRHN0N0lHVG41UHpldiI7czo5OiJfcHJldmlvdXMiO2E6MTp7czozOiJ1cmwiO3M6Mjc6Imh0dHA6Ly9sb2NhbGhvc3Q6ODAwMC9sb2dpbiI7fXM6NjoiX2ZsYXNoIjthOjI6e3M6Mzoib2xkIjthOjA6e31zOjM6Im5ldyI7YTowOnt9fX0=', 1679400339),
('1o2ou9nQOdfAIIiQtbJVyVpMPCls4Yas12vPpZFl', NULL, '127.0.0.1', 'Mozilla/5.0 (Macintosh; Intel Mac OS X 10_15_7) AppleWebKit/537.36 (KHTML, like Gecko) Chrome/111.0.0.0 Safari/537.36', 'YTo0OntzOjY6Il90b2tlbiI7czo0MDoiOHZERFRzSGh0V0dyVEZKeGo2RlFjbmw1MGhETEFwa090blhGR2oxaCI7czozOiJ1cmwiO2E6MTp7czo4OiJpbnRlbmRlZCI7czoxMTg6Imh0dHA6Ly9sb2NhbGhvc3Q6ODAwMC9hZG1pbi9maWxlLzcvbEwzTWdZc1MvNDIyMDEtMTI1NDQwMC03LTE2NzkzODMxNjEtU2NyZWVuc2hvdCUyMDIwMjMtMDMtMjElMjBhdCUyMDkuMjguMTAlMjBBTS5wbmciO31zOjk6Il9wcmV2aW91cyI7YToxOntzOjM6InVybCI7czoxMTg6Imh0dHA6Ly9sb2NhbGhvc3Q6ODAwMC9hZG1pbi9maWxlLzcvbEwzTWdZc1MvNDIyMDEtMTI1NDQwMC03LTE2NzkzODMxNjEtU2NyZWVuc2hvdCUyMDIwMjMtMDMtMjElMjBhdCUyMDkuMjguMTAlMjBBTS5wbmciO31zOjY6Il9mbGFzaCI7YToyOntzOjM6Im9sZCI7YTowOnt9czozOiJuZXciO2E6MDp7fX19', 1679400272),
('4zrvKHwhDOtjbcZT8ez06gotI5DaWiVFxmtZ6A9n', NULL, '127.0.0.1', 'Mozilla/5.0 (Macintosh; Intel Mac OS X 10_15_7) AppleWebKit/537.36 (KHTML, like Gecko) Chrome/111.0.0.0 Safari/537.36', 'YTozOntzOjY6Il90b2tlbiI7czo0MDoiejhYenR3UHpFQlZlOEVwZVg2WU45MDB4d2ZJd015OVMyYlVJaEtKcyI7czo5OiJfcHJldmlvdXMiO2E6MTp7czozOiJ1cmwiO3M6Mjc6Imh0dHA6Ly9sb2NhbGhvc3Q6ODAwMC9sb2dpbiI7fXM6NjoiX2ZsYXNoIjthOjI6e3M6Mzoib2xkIjthOjA6e31zOjM6Im5ldyI7YTowOnt9fX0=', 1679399002),
('53oHJLQC4fJsCP5P4juLshgwOwKRbRCWp5L6bHs9', NULL, NULL, '', 'YTozOntzOjY6Il90b2tlbiI7czo0MDoiOTdjN0ladlFZMmJvSzlrTTUxV3UxSE9jMXFwZG52U1V3bm9nQkVEcyI7czo5OiJfcHJldmlvdXMiO2E6MTp7czozOiJ1cmwiO3M6ODoiaHR0cDovLzoiO31zOjY6Il9mbGFzaCI7YToyOntzOjM6Im9sZCI7YTowOnt9czozOiJuZXciO2E6MDp7fX19', 1679400483),
('58eT98s2Xu4SkML6FOLWphBgcZxg8bitcGcMzMLM', 4, '127.0.0.1', 'Mozilla/5.0 (Macintosh; Intel Mac OS X 10_15_7) AppleWebKit/537.36 (KHTML, like Gecko) Chrome/111.0.0.0 Safari/537.36', 'YTo0OntzOjY6Il90b2tlbiI7czo0MDoiYjNaZHBaRmhWTGtpd0VTUTduWnNkb1FyTHViaWdMeDhwcmFIMEVaZSI7czo2OiJfZmxhc2giO2E6Mjp7czozOiJvbGQiO2E6MDp7fXM6MzoibmV3IjthOjA6e319czo5OiJfcHJldmlvdXMiO2E6MTp7czozOiJ1cmwiO3M6NDM6Imh0dHA6Ly9sb2NhbGhvc3Q6ODAwMC9hZG1pbi9wYXJjZWwvY3JlYXRlLzciO31zOjUwOiJsb2dpbl93ZWJfNTliYTM2YWRkYzJiMmY5NDAxNTgwZjAxNGM3ZjU4ZWE0ZTMwOTg5ZCI7aTo0O30=', 1679401202),
('58ZtYUxUcmcXZ8bvFtHcxaGbj7q9Lf6uA60Li2pE', NULL, '127.0.0.1', 'Mozilla/5.0 (Macintosh; Intel Mac OS X 10_15_7) AppleWebKit/537.36 (KHTML, like Gecko) Chrome/111.0.0.0 Safari/537.36', 'YTozOntzOjY6Il90b2tlbiI7czo0MDoiVUJBS1FQeDB5NUtYYVpuM3BrcU5UYU5ueUlzVWZFMllBcEdKWjZYRCI7czo5OiJfcHJldmlvdXMiO2E6MTp7czozOiJ1cmwiO3M6Mjc6Imh0dHA6Ly9sb2NhbGhvc3Q6ODAwMC9sb2dpbiI7fXM6NjoiX2ZsYXNoIjthOjI6e3M6Mzoib2xkIjthOjA6e31zOjM6Im5ldyI7YTowOnt9fX0=', 1679400338),
('5kXfSRYy85tafyPAj4bWIYbGUKn49l43LBbqXvXc', NULL, NULL, '', 'YTozOntzOjY6Il90b2tlbiI7czo0MDoiOEhsZ2NLUWhsaXY5a3lGczhkamZyeVl0eFBidGN3QWhEbVJYUDIyRSI7czo5OiJfcHJldmlvdXMiO2E6MTp7czozOiJ1cmwiO3M6ODoiaHR0cDovLzoiO31zOjY6Il9mbGFzaCI7YToyOntzOjM6Im9sZCI7YTowOnt9czozOiJuZXciO2E6MDp7fX19', 1679397851),
('5U3xnwHzA2BKUZ1Ig5W3ItcrdAawIUCnjtral5cJ', NULL, NULL, '', 'YTozOntzOjY6Il90b2tlbiI7czo0MDoiM0hpbGVtNUU4ZHJoUk1EYUYxQ083eXd0d1d3YnQ1MXBGZFJwcGlOYSI7czo5OiJfcHJldmlvdXMiO2E6MTp7czozOiJ1cmwiO3M6ODoiaHR0cDovLzoiO31zOjY6Il9mbGFzaCI7YToyOntzOjM6Im9sZCI7YTowOnt9czozOiJuZXciO2E6MDp7fX19', 1679400361),
('7wodjesOPMKW7oZPDYHbGOXPmpI5Rleskk4KStiE', NULL, '127.0.0.1', 'Mozilla/5.0 (Macintosh; Intel Mac OS X 10_15_7) AppleWebKit/537.36 (KHTML, like Gecko) Chrome/111.0.0.0 Safari/537.36', 'YTozOntzOjY6Il90b2tlbiI7czo0MDoiekVSMUR4NElvTUhrOTgzQjdTMWFlMUQ0R3g4TFVnRm40SjhJQmtYOSI7czo5OiJfcHJldmlvdXMiO2E6MTp7czozOiJ1cmwiO3M6Mjc6Imh0dHA6Ly9sb2NhbGhvc3Q6ODAwMC9sb2dpbiI7fXM6NjoiX2ZsYXNoIjthOjI6e3M6Mzoib2xkIjthOjA6e31zOjM6Im5ldyI7YTowOnt9fX0=', 1679400134),
('8H3EsNxeV8KIO7iCSDc7YYDEOYQzotfDALnsjfad', NULL, NULL, '', 'YTozOntzOjY6Il90b2tlbiI7czo0MDoiWG9oeG92QVVvMGNPNllJcDhqdExIaW1ueURpUU1hUnZGRllPMW5vRCI7czo5OiJfcHJldmlvdXMiO2E6MTp7czozOiJ1cmwiO3M6ODoiaHR0cDovLzoiO31zOjY6Il9mbGFzaCI7YToyOntzOjM6Im9sZCI7YTowOnt9czozOiJuZXciO2E6MDp7fX19', 1679400292),
('9Gv7iGAPGKnKZMG7sA9ep8S5OF8gA05b6ElYkhCw', NULL, '127.0.0.1', 'Mozilla/5.0 (Macintosh; Intel Mac OS X 10_15_7) AppleWebKit/537.36 (KHTML, like Gecko) Chrome/111.0.0.0 Safari/537.36', 'YTo0OntzOjY6Il90b2tlbiI7czo0MDoiNkFHV1A1TlZ4eGZ2ZWdTTWYyVHpZZGcydHlvRk9mS3pmbW1ubDgyaiI7czozOiJ1cmwiO2E6MTp7czo4OiJpbnRlbmRlZCI7czoxMjE6Imh0dHA6Ly9sb2NhbGhvc3Q6ODAwMC9jdXN0b21lci9maWxlLzcvSlA3Z1JxMDAvNDIyMDEtMTI1NDQwMC03LTE2NzkzODMwOTEtU2NyZWVuc2hvdCUyMDIwMjMtMDMtMjElMjBhdCUyMDcuNDkuNDYlMjBBTS5wbmciO31zOjk6Il9wcmV2aW91cyI7YToxOntzOjM6InVybCI7czoxMjE6Imh0dHA6Ly9sb2NhbGhvc3Q6ODAwMC9jdXN0b21lci9maWxlLzcvSlA3Z1JxMDAvNDIyMDEtMTI1NDQwMC03LTE2NzkzODMwOTEtU2NyZWVuc2hvdCUyMDIwMjMtMDMtMjElMjBhdCUyMDcuNDkuNDYlMjBBTS5wbmciO31zOjY6Il9mbGFzaCI7YToyOntzOjM6Im9sZCI7YTowOnt9czozOiJuZXciO2E6MDp7fX19', 1679400134),
('9kgiJMrcwWDmXXRzGTT75MtHJvQ8E3qSsqofTXdG', NULL, NULL, '', 'YTozOntzOjY6Il90b2tlbiI7czo0MDoiY0FIODJMNkhIWVVCSHpOanZHYktleHJDZHJvb3pmZVd3SHNXNEtTVCI7czo5OiJfcHJldmlvdXMiO2E6MTp7czozOiJ1cmwiO3M6ODoiaHR0cDovLzoiO31zOjY6Il9mbGFzaCI7YToyOntzOjM6Im9sZCI7YTowOnt9czozOiJuZXciO2E6MDp7fX19', 1679400225),
('b3SVQFC3esD6CxSUBqRGdHkZVCVUEASEEnOHtTrL', NULL, '127.0.0.1', 'Mozilla/5.0 (Macintosh; Intel Mac OS X 10_15_7) AppleWebKit/537.36 (KHTML, like Gecko) Chrome/111.0.0.0 Safari/537.36', 'YTozOntzOjY6Il90b2tlbiI7czo0MDoiZUNWczh4RjJ5S2ZPTElncFNJQkxxcUR5M2N3M290Y1pPWWJ1dTY5TCI7czo5OiJfcHJldmlvdXMiO2E6MTp7czozOiJ1cmwiO3M6Mjc6Imh0dHA6Ly9sb2NhbGhvc3Q6ODAwMC9sb2dpbiI7fXM6NjoiX2ZsYXNoIjthOjI6e3M6Mzoib2xkIjthOjA6e31zOjM6Im5ldyI7YTowOnt9fX0=', 1679400272),
('B4NliVnte1fa3hVH9CAWHgofW1rs1tLMLc3oOW0V', NULL, NULL, '', 'YTozOntzOjY6Il90b2tlbiI7czo0MDoiY0VnUXVxSmh4aGhyWW5xaHBJc2hkcDRZbFZ3V3lhdjlvTmhEVm55ViI7czo5OiJfcHJldmlvdXMiO2E6MTp7czozOiJ1cmwiO3M6ODoiaHR0cDovLzoiO31zOjY6Il9mbGFzaCI7YToyOntzOjM6Im9sZCI7YTowOnt9czozOiJuZXciO2E6MDp7fX19', 1679401032),
('cAZhesTIjDhud5xRJM2dJyXZrYhPbTFPZ7ut6Rwr', NULL, '127.0.0.1', 'Mozilla/5.0 (Macintosh; Intel Mac OS X 10_15_7) AppleWebKit/537.36 (KHTML, like Gecko) Chrome/111.0.0.0 Safari/537.36', 'YTo0OntzOjY6Il90b2tlbiI7czo0MDoiMUpabHZ4RUd3T2pWazNGMkJhNXlYa1VWOURxcmhxY1JsWk92OHFNTyI7czozOiJ1cmwiO2E6MTp7czo4OiJpbnRlbmRlZCI7czoxMTg6Imh0dHA6Ly9sb2NhbGhvc3Q6ODAwMC9hZG1pbi9maWxlLzcvSlA3Z1JxMDAvNDIyMDEtMTI1NDQwMC03LTE2NzkzODMwOTEtU2NyZWVuc2hvdCUyMDIwMjMtMDMtMjElMjBhdCUyMDcuNDkuNDYlMjBBTS5wbmciO31zOjk6Il9wcmV2aW91cyI7YToxOntzOjM6InVybCI7czoxMTg6Imh0dHA6Ly9sb2NhbGhvc3Q6ODAwMC9hZG1pbi9maWxlLzcvSlA3Z1JxMDAvNDIyMDEtMTI1NDQwMC03LTE2NzkzODMwOTEtU2NyZWVuc2hvdCUyMDIwMjMtMDMtMjElMjBhdCUyMDcuNDkuNDYlMjBBTS5wbmciO31zOjY6Il9mbGFzaCI7YToyOntzOjM6Im9sZCI7YTowOnt9czozOiJuZXciO2E6MDp7fX19', 1679399002),
('CeFQ5aCF0khF2KxCN9rNADfB4P4bDpQfs0uCcRQD', NULL, '127.0.0.1', 'Mozilla/5.0 (Macintosh; Intel Mac OS X 10_15_7) AppleWebKit/537.36 (KHTML, like Gecko) Chrome/111.0.0.0 Safari/537.36', 'YTo0OntzOjY6Il90b2tlbiI7czo0MDoidUc4bFlZUWlOQ2xscE4yd2tGdGNCVXVnajFWUjE4Zmx1VTRqT1lsYSI7czozOiJ1cmwiO2E6MTp7czo4OiJpbnRlbmRlZCI7czoxMjE6Imh0dHA6Ly9sb2NhbGhvc3Q6ODAwMC9jdXN0b21lci9maWxlLzcvSlA3Z1JxMDAvNDIyMDEtMTI1NDQwMC03LTE2NzkzODMwOTEtU2NyZWVuc2hvdCUyMDIwMjMtMDMtMjElMjBhdCUyMDcuNDkuNDYlMjBBTS5wbmciO31zOjk6Il9wcmV2aW91cyI7YToxOntzOjM6InVybCI7czoxMjE6Imh0dHA6Ly9sb2NhbGhvc3Q6ODAwMC9jdXN0b21lci9maWxlLzcvSlA3Z1JxMDAvNDIyMDEtMTI1NDQwMC03LTE2NzkzODMwOTEtU2NyZWVuc2hvdCUyMDIwMjMtMDMtMjElMjBhdCUyMDcuNDkuNDYlMjBBTS5wbmciO31zOjY6Il9mbGFzaCI7YToyOntzOjM6Im9sZCI7YTowOnt9czozOiJuZXciO2E6MDp7fX19', 1679400128),
('cUBGAoT4k1nJ0nFGh7RCekwxgeTcdZNLKM4n4rhj', NULL, '127.0.0.1', 'Mozilla/5.0 (Macintosh; Intel Mac OS X 10_15_7) AppleWebKit/537.36 (KHTML, like Gecko) Chrome/111.0.0.0 Safari/537.36', 'YTo0OntzOjY6Il90b2tlbiI7czo0MDoiMTd6UGtQUGcyMlBQTzlVT0dSUVR1cTdCZTRTSVRXcVNmbkF3WWltdiI7czozOiJ1cmwiO2E6MTp7czo4OiJpbnRlbmRlZCI7czoxMTg6Imh0dHA6Ly9sb2NhbGhvc3Q6ODAwMC9hZG1pbi9maWxlLzcvbEwzTWdZc1MvNDIyMDEtMTI1NDQwMC03LTE2NzkzODMxNjEtU2NyZWVuc2hvdCUyMDIwMjMtMDMtMjElMjBhdCUyMDkuMjguMTAlMjBBTS5wbmciO31zOjk6Il9wcmV2aW91cyI7YToxOntzOjM6InVybCI7czoxMTg6Imh0dHA6Ly9sb2NhbGhvc3Q6ODAwMC9hZG1pbi9maWxlLzcvbEwzTWdZc1MvNDIyMDEtMTI1NDQwMC03LTE2NzkzODMxNjEtU2NyZWVuc2hvdCUyMDIwMjMtMDMtMjElMjBhdCUyMDkuMjguMTAlMjBBTS5wbmciO31zOjY6Il9mbGFzaCI7YToyOntzOjM6Im9sZCI7YTowOnt9czozOiJuZXciO2E6MDp7fX19', 1679400272),
('D74OoJU6prDfqyXr9G6WoxTWlb98Yr7Hx8kNs6Ai', NULL, NULL, '', 'YTozOntzOjY6Il90b2tlbiI7czo0MDoiZVdGeDR2S3F5VGFubWpLQTNUVGQzeHhRdVllNUxiV3VodUwzazRBUyI7czo5OiJfcHJldmlvdXMiO2E6MTp7czozOiJ1cmwiO3M6ODoiaHR0cDovLzoiO31zOjY6Il9mbGFzaCI7YToyOntzOjM6Im9sZCI7YTowOnt9czozOiJuZXciO2E6MDp7fX19', 1679398362),
('ETK4I5onpVf92t5q7wE79z7c9LOeI9UyXFXocjWC', NULL, '127.0.0.1', 'Mozilla/5.0 (Macintosh; Intel Mac OS X 10_15_7) AppleWebKit/537.36 (KHTML, like Gecko) Chrome/111.0.0.0 Safari/537.36', 'YTo0OntzOjY6Il90b2tlbiI7czo0MDoidFBNeGt4MkI4V1Y1VUI4M0c5dlE4MTBkOG9wWG9CTk9FZ0pXV2ZvRiI7czozOiJ1cmwiO2E6MTp7czo4OiJpbnRlbmRlZCI7czoxMTg6Imh0dHA6Ly9sb2NhbGhvc3Q6ODAwMC9hZG1pbi9maWxlLzcvSlA3Z1JxMDAvNDIyMDEtMTI1NDQwMC03LTE2NzkzODMwOTEtU2NyZWVuc2hvdCUyMDIwMjMtMDMtMjElMjBhdCUyMDcuNDkuNDYlMjBBTS5wbmciO31zOjk6Il9wcmV2aW91cyI7YToxOntzOjM6InVybCI7czoxMTg6Imh0dHA6Ly9sb2NhbGhvc3Q6ODAwMC9hZG1pbi9maWxlLzcvSlA3Z1JxMDAvNDIyMDEtMTI1NDQwMC03LTE2NzkzODMwOTEtU2NyZWVuc2hvdCUyMDIwMjMtMDMtMjElMjBhdCUyMDcuNDkuNDYlMjBBTS5wbmciO31zOjY6Il9mbGFzaCI7YToyOntzOjM6Im9sZCI7YTowOnt9czozOiJuZXciO2E6MDp7fX19', 1679400663),
('eyB2jq5diFjqmv7ezTFmvaUrZ8oEygSRHihStd0l', NULL, NULL, '', 'YTozOntzOjY6Il90b2tlbiI7czo0MDoibGZNYTBHNXVaMXVLUG5yUTJnTHU0WTR3YXNUSWxDTXFKaDdyMmFWRSI7czo5OiJfcHJldmlvdXMiO2E6MTp7czozOiJ1cmwiO3M6ODoiaHR0cDovLzoiO31zOjY6Il9mbGFzaCI7YToyOntzOjM6Im9sZCI7YTowOnt9czozOiJuZXciO2E6MDp7fX19', 1679399432),
('FGHNdH2XJDYje8s33D2USNWTpIehxCTzc5Ne5HGQ', NULL, NULL, '', 'YTozOntzOjY6Il90b2tlbiI7czo0MDoiSXQ0VWNDbVZUU0hCRTJqY3Y0c2dZMTJDNWU3dVVOUjZqSTJWdUtxeCI7czo5OiJfcHJldmlvdXMiO2E6MTp7czozOiJ1cmwiO3M6ODoiaHR0cDovLzoiO31zOjY6Il9mbGFzaCI7YToyOntzOjM6Im9sZCI7YTowOnt9czozOiJuZXciO2E6MDp7fX19', 1679399472),
('h2aU3eJsChFTU4GkX8fygUbMbGbXISUtiGZ6UggX', NULL, NULL, '', 'YTozOntzOjY6Il90b2tlbiI7czo0MDoiaEZ2THdwdGFSOFRvUWFhMTdFWHhINlJKZGxWQ3JiUE8xOEVtcE9IVCI7czo5OiJfcHJldmlvdXMiO2E6MTp7czozOiJ1cmwiO3M6ODoiaHR0cDovLzoiO31zOjY6Il9mbGFzaCI7YToyOntzOjM6Im9sZCI7YTowOnt9czozOiJuZXciO2E6MDp7fX19', 1679398584),
('hkZQFt1PDjl7hTPaneurT27JrPZdpH48S9hMVfFa', NULL, '127.0.0.1', 'Mozilla/5.0 (Macintosh; Intel Mac OS X 10_15_7) AppleWebKit/537.36 (KHTML, like Gecko) Chrome/111.0.0.0 Safari/537.36', 'YTo0OntzOjY6Il90b2tlbiI7czo0MDoiZGJwckhrRlFxaW4yTFhVZ1JnaFdWMk9jTUdTY2F6VUR2Z2ttZ3hLZiI7czozOiJ1cmwiO2E6MTp7czo4OiJpbnRlbmRlZCI7czoxMTg6Imh0dHA6Ly9sb2NhbGhvc3Q6ODAwMC9hZG1pbi9maWxlLzcvbEwzTWdZc1MvNDIyMDEtMTI1NDQwMC03LTE2NzkzODMxNjEtU2NyZWVuc2hvdCUyMDIwMjMtMDMtMjElMjBhdCUyMDkuMjguMTAlMjBBTS5wbmciO31zOjk6Il9wcmV2aW91cyI7YToxOntzOjM6InVybCI7czoxMTg6Imh0dHA6Ly9sb2NhbGhvc3Q6ODAwMC9hZG1pbi9maWxlLzcvbEwzTWdZc1MvNDIyMDEtMTI1NDQwMC03LTE2NzkzODMxNjEtU2NyZWVuc2hvdCUyMDIwMjMtMDMtMjElMjBhdCUyMDkuMjguMTAlMjBBTS5wbmciO31zOjY6Il9mbGFzaCI7YToyOntzOjM6Im9sZCI7YTowOnt9czozOiJuZXciO2E6MDp7fX19', 1679399002),
('i8Hdm0T2jwVYMIdeB3KLIsmHr6gBmf5v6y8ED9Ol', NULL, '127.0.0.1', 'Mozilla/5.0 (Macintosh; Intel Mac OS X 10_15_7) AppleWebKit/537.36 (KHTML, like Gecko) Chrome/111.0.0.0 Safari/537.36', 'YTozOntzOjY6Il90b2tlbiI7czo0MDoiYWx2OGpNdW1DRlNKbzVsbDkxOHJsYkkxNHNtWnJiWlc5c2dWSHJzbiI7czo5OiJfcHJldmlvdXMiO2E6MTp7czozOiJ1cmwiO3M6Mjc6Imh0dHA6Ly9sb2NhbGhvc3Q6ODAwMC9sb2dpbiI7fXM6NjoiX2ZsYXNoIjthOjI6e3M6Mzoib2xkIjthOjA6e31zOjM6Im5ldyI7YTowOnt9fX0=', 1679400664),
('iAPAEXu8QNj9CLyLeunn2lSJ83g4XdhOKxQZn9Jm', NULL, '127.0.0.1', 'Mozilla/5.0 (Macintosh; Intel Mac OS X 10_15_7) AppleWebKit/537.36 (KHTML, like Gecko) Chrome/111.0.0.0 Safari/537.36', 'YTozOntzOjY6Il90b2tlbiI7czo0MDoiYkppUjk3UTRFb1NPV2FJR1B1dkFUZEdER3hOMGIyemZaSENIbHJSMSI7czo5OiJfcHJldmlvdXMiO2E6MTp7czozOiJ1cmwiO3M6Mjc6Imh0dHA6Ly9sb2NhbGhvc3Q6ODAwMC9sb2dpbiI7fXM6NjoiX2ZsYXNoIjthOjI6e3M6Mzoib2xkIjthOjA6e31zOjM6Im5ldyI7YTowOnt9fX0=', 1679400272),
('iB0HBcBr3is5KWUKKrXmmF9AR5br3NU3A3S2iAJs', NULL, NULL, '', 'YTozOntzOjY6Il90b2tlbiI7czo0MDoiNWdIS09rUTNkbmdQVVo2N3ZIRDdSV0s5RUg0Q0toZDF1SkNNWFRPaCI7czo5OiJfcHJldmlvdXMiO2E6MTp7czozOiJ1cmwiO3M6ODoiaHR0cDovLzoiO31zOjY6Il9mbGFzaCI7YToyOntzOjM6Im9sZCI7YTowOnt9czozOiJuZXciO2E6MDp7fX19', 1679397708),
('iTAjzW0zyDLRLFQhHuTkQOPfQlg4v4M1iq7tcXDe', NULL, '127.0.0.1', 'Mozilla/5.0 (Macintosh; Intel Mac OS X 10_15_7) AppleWebKit/537.36 (KHTML, like Gecko) Chrome/111.0.0.0 Safari/537.36', 'YTozOntzOjY6Il90b2tlbiI7czo0MDoiMDAxMGFOQVN3QW9CNkxnNnZqYVhJYkVhY21pVWNhZkw5M1FwTUdLcCI7czo5OiJfcHJldmlvdXMiO2E6MTp7czozOiJ1cmwiO3M6Mjc6Imh0dHA6Ly9sb2NhbGhvc3Q6ODAwMC9sb2dpbiI7fXM6NjoiX2ZsYXNoIjthOjI6e3M6Mzoib2xkIjthOjA6e31zOjM6Im5ldyI7YTowOnt9fX0=', 1679400855),
('iX1wcmxdAQ2WGhKLCGwRE16qDCXcjIwNbuvaNNSg', 4, '127.0.0.1', 'Mozilla/5.0 (Macintosh; Intel Mac OS X 10_15_7) AppleWebKit/537.36 (KHTML, like Gecko) Chrome/111.0.0.0 Safari/537.36', 'YTo0OntzOjY6Il90b2tlbiI7czo0MDoieDBDYnFydHJ4VnZaNlNDd3c3YzJPcDJDYTBZNWNSdU1ZbzIwVkhBayI7czo2OiJfZmxhc2giO2E6Mjp7czozOiJvbGQiO2E6MDp7fXM6MzoibmV3IjthOjA6e319czo5OiJfcHJldmlvdXMiO2E6MTp7czozOiJ1cmwiO3M6MjE6Imh0dHA6Ly9sb2NhbGhvc3Q6ODAwMCI7fXM6NTA6ImxvZ2luX3dlYl81OWJhMzZhZGRjMmIyZjk0MDE1ODBmMDE0YzdmNThlYTRlMzA5ODlkIjtpOjQ7fQ==', 1679397740),
('J7cYYVRW8qO0ie0F8D551VlPmbhca8838QfKRzoT', NULL, NULL, '', 'YTozOntzOjY6Il90b2tlbiI7czo0MDoiSWhLdVJWUlBHWHdsR1pzT205V0x2M0MyQ0RpTVlMc1RzU0ZWdElmNyI7czo5OiJfcHJldmlvdXMiO2E6MTp7czozOiJ1cmwiO3M6ODoiaHR0cDovLzoiO31zOjY6Il9mbGFzaCI7YToyOntzOjM6Im9sZCI7YTowOnt9czozOiJuZXciO2E6MDp7fX19', 1679397959),
('kNwsr7K07y33MgH8SNO78r71EiprLQinhPi9r6VH', NULL, NULL, '', 'YTozOntzOjY6Il90b2tlbiI7czo0MDoic1RFbExZSERPS2tXNHFpVWRTcVFQQ04wajVZM3RYNXBOeWpqU3N1SCI7czo5OiJfcHJldmlvdXMiO2E6MTp7czozOiJ1cmwiO3M6ODoiaHR0cDovLzoiO31zOjY6Il9mbGFzaCI7YToyOntzOjM6Im9sZCI7YTowOnt9czozOiJuZXciO2E6MDp7fX19', 1679399464),
('kx4wDfqTF9AlczCxIGi250DUM3kQZE1jqxuSNgaf', NULL, NULL, '', 'YTozOntzOjY6Il90b2tlbiI7czo0MDoiRTFLT0Z5RTBZWWJyT3BnVkdrVnBDa2V2N0ZRNnNjYThiRkxVeUVjYiI7czo5OiJfcHJldmlvdXMiO2E6MTp7czozOiJ1cmwiO3M6ODoiaHR0cDovLzoiO31zOjY6Il9mbGFzaCI7YToyOntzOjM6Im9sZCI7YTowOnt9czozOiJuZXciO2E6MDp7fX19', 1679397842),
('l16DgsHknYmE3GzKdf9ZL1EipW7XI5U8zCuFCiFG', NULL, '127.0.0.1', 'Mozilla/5.0 (Macintosh; Intel Mac OS X 10_15_7) AppleWebKit/537.36 (KHTML, like Gecko) Chrome/111.0.0.0 Safari/537.36', 'YTo0OntzOjY6Il90b2tlbiI7czo0MDoiWndVTDFqeTNYajVOSUxOTDRKOEhEeGVsNUtnblhtWnJaak1aendHNyI7czozOiJ1cmwiO2E6MTp7czo4OiJpbnRlbmRlZCI7czoxMjE6Imh0dHA6Ly9sb2NhbGhvc3Q6ODAwMC9jdXN0b21lci9maWxlLzcvSlA3Z1JxMDAvNDIyMDEtMTI1NDQwMC03LTE2NzkzODMwOTEtU2NyZWVuc2hvdCUyMDIwMjMtMDMtMjElMjBhdCUyMDcuNDkuNDYlMjBBTS5wbmciO31zOjk6Il9wcmV2aW91cyI7YToxOntzOjM6InVybCI7czoxMjE6Imh0dHA6Ly9sb2NhbGhvc3Q6ODAwMC9jdXN0b21lci9maWxlLzcvSlA3Z1JxMDAvNDIyMDEtMTI1NDQwMC03LTE2NzkzODMwOTEtU2NyZWVuc2hvdCUyMDIwMjMtMDMtMjElMjBhdCUyMDcuNDkuNDYlMjBBTS5wbmciO31zOjY6Il9mbGFzaCI7YToyOntzOjM6Im9sZCI7YTowOnt9czozOiJuZXciO2E6MDp7fX19', 1679400338),
('l2u5yXuTKCUGzkHWdyflP41GRaHYraTdKu2Nbjkl', NULL, NULL, '', 'YTozOntzOjY6Il90b2tlbiI7czo0MDoic1V3SmtyUGQxQ0Vwd01ySkVsa3ltUUEwYTZsZThIMVhuaFFrV1IxTSI7czo5OiJfcHJldmlvdXMiO2E6MTp7czozOiJ1cmwiO3M6ODoiaHR0cDovLzoiO31zOjY6Il9mbGFzaCI7YToyOntzOjM6Im9sZCI7YTowOnt9czozOiJuZXciO2E6MDp7fX19', 1679398782),
('Las3BpdJrJxibIBEne1VToK8VYfeYduSFHhKtLYK', NULL, NULL, '', 'YTozOntzOjY6Il90b2tlbiI7czo0MDoiSVNLNU9iY0ZTVkhTNzYwYndubWhuaE9NaXd6SW9rVm9MbWNSY1BXRCI7czo5OiJfcHJldmlvdXMiO2E6MTp7czozOiJ1cmwiO3M6ODoiaHR0cDovLzoiO31zOjY6Il9mbGFzaCI7YToyOntzOjM6Im9sZCI7YTowOnt9czozOiJuZXciO2E6MDp7fX19', 1679399741),
('LcCealZm1FZr60EBYIQ6qfoXCyrgmrrJsr5zYdI9', NULL, NULL, '', 'YTozOntzOjY6Il90b2tlbiI7czo0MDoiRFJVOHZyb0tVbVhEV2RMVWQ3WHFSOGxEYmNLZGFvUlFzeWwwY1k4dSI7czo5OiJfcHJldmlvdXMiO2E6MTp7czozOiJ1cmwiO3M6ODoiaHR0cDovLzoiO31zOjY6Il9mbGFzaCI7YToyOntzOjM6Im9sZCI7YTowOnt9czozOiJuZXciO2E6MDp7fX19', 1679398129),
('loLzQqzHqPzRemlyTOACC7UX92B4EVDdQoEpqoTf', NULL, NULL, '', 'YTozOntzOjY6Il90b2tlbiI7czo0MDoiandZNFh0VnpvcXBPRURMM3B4OWJlZjZDcmJ1VjNQSGp0WkhQelFqSCI7czo5OiJfcHJldmlvdXMiO2E6MTp7czozOiJ1cmwiO3M6ODoiaHR0cDovLzoiO31zOjY6Il9mbGFzaCI7YToyOntzOjM6Im9sZCI7YTowOnt9czozOiJuZXciO2E6MDp7fX19', 1679397536),
('LP50xtIbjfLieSTSfi8TRVsS1zYbrejRlYYbpHdW', NULL, NULL, '', 'YTozOntzOjY6Il90b2tlbiI7czo0MDoid2dadUlGZFYzT0dGc2FJVlI0OEt6QWZBU1JieXpNUEI0VnJWdVl3cCI7czo5OiJfcHJldmlvdXMiO2E6MTp7czozOiJ1cmwiO3M6ODoiaHR0cDovLzoiO31zOjY6Il9mbGFzaCI7YToyOntzOjM6Im9sZCI7YTowOnt9czozOiJuZXciO2E6MDp7fX19', 1679399645),
('mcklbn2M7SsHnNZLXjg0l4NdWyLZR2TUJNInLPzB', NULL, NULL, '', 'YTozOntzOjY6Il90b2tlbiI7czo0MDoiZ2xSREIwYlVUZHJPRkpuRnpBQ05tMlNubWNIcWNQVnpqQU5IUDFlTiI7czo5OiJfcHJldmlvdXMiO2E6MTp7czozOiJ1cmwiO3M6ODoiaHR0cDovLzoiO31zOjY6Il9mbGFzaCI7YToyOntzOjM6Im9sZCI7YTowOnt9czozOiJuZXciO2E6MDp7fX19', 1679398653),
('Mmj4JvVqBZUK3VfOgeq1MQhoBp4l056vEZXXuMoY', NULL, NULL, '', 'YTozOntzOjY6Il90b2tlbiI7czo0MDoiY01wbzlnZXl2Mjg1YWpKZFQySGJ2Nm9XQ3FmNW5jTWdkMXpzcm8wdSI7czo5OiJfcHJldmlvdXMiO2E6MTp7czozOiJ1cmwiO3M6ODoiaHR0cDovLzoiO31zOjY6Il9mbGFzaCI7YToyOntzOjM6Im9sZCI7YTowOnt9czozOiJuZXciO2E6MDp7fX19', 1679399635),
('Mqgmwws2mzTwQx1Aw27ntLeH2kpfdKrPAGErezdi', NULL, NULL, '', 'YTozOntzOjY6Il90b2tlbiI7czo0MDoiSlZVa0VzcW1XelZScWZUMFRLTWZDTkQ1dnUyZHFnZlg4SWw5VlVJOCI7czo5OiJfcHJldmlvdXMiO2E6MTp7czozOiJ1cmwiO3M6ODoiaHR0cDovLzoiO31zOjY6Il9mbGFzaCI7YToyOntzOjM6Im9sZCI7YTowOnt9czozOiJuZXciO2E6MDp7fX19', 1679400618),
('N4zkreRB3Id35GcFBi61gyAJa7nxT6Lbcsd50Wda', NULL, NULL, '', 'YTozOntzOjY6Il90b2tlbiI7czo0MDoiNWx3MHBLeHJ3OEFSS3VnRERmY2RTQVNNYUxZQWhJZEVEMXNDTWpteSI7czo5OiJfcHJldmlvdXMiO2E6MTp7czozOiJ1cmwiO3M6ODoiaHR0cDovLzoiO31zOjY6Il9mbGFzaCI7YToyOntzOjM6Im9sZCI7YTowOnt9czozOiJuZXciO2E6MDp7fX19', 1679397953),
('nBnlNNFvwMMfcQOUq2QaSppMJvqMPTii7ZLIYEHa', NULL, NULL, '', 'YTozOntzOjY6Il90b2tlbiI7czo0MDoieHl3QzQwdEhUMng3Nkt1WUJ2NGVPR1dvdEN0MXp3TnJlYk5LOG5XUyI7czo5OiJfcHJldmlvdXMiO2E6MTp7czozOiJ1cmwiO3M6ODoiaHR0cDovLzoiO31zOjY6Il9mbGFzaCI7YToyOntzOjM6Im9sZCI7YTowOnt9czozOiJuZXciO2E6MDp7fX19', 1679399919),
('nByBzME9i94hudinEx4dVWWmbgYd2fTszmaUQeJ4', NULL, NULL, '', 'YTozOntzOjY6Il90b2tlbiI7czo0MDoiT0xZajVpOFFUcEg0SzF1YjN6TkhEdWdMaE81R1ZkMWR4MXY2NEg1QyI7czo5OiJfcHJldmlvdXMiO2E6MTp7czozOiJ1cmwiO3M6ODoiaHR0cDovLzoiO31zOjY6Il9mbGFzaCI7YToyOntzOjM6Im9sZCI7YTowOnt9czozOiJuZXciO2E6MDp7fX19', 1679400109),
('nRyxXjQqY2QCTrEnR82mUtN0VK1kLIR87yQ5Sfpv', NULL, '127.0.0.1', 'Mozilla/5.0 (Macintosh; Intel Mac OS X 10_15_7) AppleWebKit/537.36 (KHTML, like Gecko) Chrome/111.0.0.0 Safari/537.36', 'YTozOntzOjY6Il90b2tlbiI7czo0MDoiaGNRVHc4TTV5Z3p6TnIyWndteEIxbUhjOGNXM1FwdGpzMWlxMW5FTSI7czo5OiJfcHJldmlvdXMiO2E6MTp7czozOiJ1cmwiO3M6Mjc6Imh0dHA6Ly9sb2NhbGhvc3Q6ODAwMC9sb2dpbiI7fXM6NjoiX2ZsYXNoIjthOjI6e3M6Mzoib2xkIjthOjA6e31zOjM6Im5ldyI7YTowOnt9fX0=', 1679400375),
('oO5hMeGZkhLvkEpY1mhc9UDbN0i7ZQxYUlhevxV0', NULL, NULL, '', 'YTozOntzOjY6Il90b2tlbiI7czo0MDoienZmaVFsaHdtOUlrM2dKbWpNa0xBUEhiZ1VzaG41a0NGaVlQTHZvVSI7czo5OiJfcHJldmlvdXMiO2E6MTp7czozOiJ1cmwiO3M6ODoiaHR0cDovLzoiO31zOjY6Il9mbGFzaCI7YToyOntzOjM6Im9sZCI7YTowOnt9czozOiJuZXciO2E6MDp7fX19', 1679398008),
('PzNqT5gMBjyrwgUkmQJuPUjMFEdQzONy8KfOcjH9', NULL, '127.0.0.1', 'Mozilla/5.0 (Macintosh; Intel Mac OS X 10_15_7) AppleWebKit/537.36 (KHTML, like Gecko) Chrome/111.0.0.0 Safari/537.36', 'YTozOntzOjY6Il90b2tlbiI7czo0MDoiOTl4emE2U1NGaTBodHdsVWNwbzRyT2J4MXlsemFQU0tOa0lLRWxYeSI7czo5OiJfcHJldmlvdXMiO2E6MTp7czozOiJ1cmwiO3M6Mjc6Imh0dHA6Ly9sb2NhbGhvc3Q6ODAwMC9sb2dpbiI7fXM6NjoiX2ZsYXNoIjthOjI6e3M6Mzoib2xkIjthOjA6e31zOjM6Im5ldyI7YTowOnt9fX0=', 1679400128),
('QB5FAaomXvam5OsanRMIddTaIJ57qDjJWyJxXKqE', NULL, NULL, '', 'YTozOntzOjY6Il90b2tlbiI7czo0MDoiQUk2dU5JYUV6UUJSTWlScjViTHY1QVBKdUU3TnFXQmFGMkhFVVpScCI7czo5OiJfcHJldmlvdXMiO2E6MTp7czozOiJ1cmwiO3M6ODoiaHR0cDovLzoiO31zOjY6Il9mbGFzaCI7YToyOntzOjM6Im9sZCI7YTowOnt9czozOiJuZXciO2E6MDp7fX19', 1679399331),
('qERcSkeFxxMCHhZSxtZSW9FRytDCphDasCzgnuiR', 7, '127.0.0.1', 'Mozilla/5.0 (Macintosh; Intel Mac OS X 10_15_7) AppleWebKit/537.36 (KHTML, like Gecko) Chrome/111.0.0.0 Safari/537.36', 'YTo0OntzOjY6Il90b2tlbiI7czo0MDoiN21tU1FFdWRYb2NKbDc0VG81dkVFYXZacXlqeVVicG43YmFGTHpVQyI7czo5OiJfcHJldmlvdXMiO2E6MTp7czozOiJ1cmwiO3M6NDA6Imh0dHA6Ly9sb2NhbGhvc3Q6ODAwMC9jdXN0b21lci9kYXNoYm9hcmQiO31zOjY6Il9mbGFzaCI7YToyOntzOjM6Im9sZCI7YTowOnt9czozOiJuZXciO2E6MDp7fX1zOjUwOiJsb2dpbl93ZWJfNTliYTM2YWRkYzJiMmY5NDAxNTgwZjAxNGM3ZjU4ZWE0ZTMwOTg5ZCI7aTo3O30=', 1679401146),
('qFlZ4sk13atOr4uJWulPvmOejvsHociXTeYyaWGa', NULL, NULL, '', 'YTozOntzOjY6Il90b2tlbiI7czo0MDoiYnBKbHVlR3cwWENBT2ZwUWpPbUJ4ZlhYWE05Z3prbFZ1STI2VmtjdCI7czo5OiJfcHJldmlvdXMiO2E6MTp7czozOiJ1cmwiO3M6ODoiaHR0cDovLzoiO31zOjY6Il9mbGFzaCI7YToyOntzOjM6Im9sZCI7YTowOnt9czozOiJuZXciO2E6MDp7fX19', 1679400842),
('QiW4cybE7Cxe2wuihJzg1mZQJjKjZL1sLAF4YKUR', NULL, NULL, '', 'YTozOntzOjY6Il90b2tlbiI7czo0MDoibHVwSUNxaXZWSGkxTEtNNXJjUFZVZ1Z6YVYzSGtlOXRPazZBZmdwaCI7czo5OiJfcHJldmlvdXMiO2E6MTp7czozOiJ1cmwiO3M6ODoiaHR0cDovLzoiO31zOjY6Il9mbGFzaCI7YToyOntzOjM6Im9sZCI7YTowOnt9czozOiJuZXciO2E6MDp7fX19', 1679400094),
('qPCsb3KJgAyuI5dW9YSKRk0eTdyH1H31kqeCGdJE', NULL, '127.0.0.1', 'Mozilla/5.0 (Macintosh; Intel Mac OS X 10_15_7) AppleWebKit/537.36 (KHTML, like Gecko) Chrome/111.0.0.0 Safari/537.36', 'YTozOntzOjY6Il90b2tlbiI7czo0MDoieG9FbjhBVmZyUUxpVEo5UHo3OUJrV1ExOVhJVHBLaTN0OXRKTndHbiI7czo5OiJfcHJldmlvdXMiO2E6MTp7czozOiJ1cmwiO3M6Mjc6Imh0dHA6Ly9sb2NhbGhvc3Q6ODAwMC9sb2dpbiI7fXM6NjoiX2ZsYXNoIjthOjI6e3M6Mzoib2xkIjthOjA6e31zOjM6Im5ldyI7YTowOnt9fX0=', 1679400268),
('R5DykXTONsjsClMCLzfUXvHqgEcLuABsuql0kW3O', NULL, NULL, '', 'YTozOntzOjY6Il90b2tlbiI7czo0MDoiYkt2bm5RUldoVzhXek1oVTUyTlFuZEl4Z0VFUFVzcFJPbGR6cm15TyI7czo5OiJfcHJldmlvdXMiO2E6MTp7czozOiJ1cmwiO3M6ODoiaHR0cDovLzoiO31zOjY6Il9mbGFzaCI7YToyOntzOjM6Im9sZCI7YTowOnt9czozOiJuZXciO2E6MDp7fX19', 1679400145),
('rpL5JqsgGaUAnTFe1ebLzoxtLH1KwXiqyNUWWYOt', NULL, NULL, '', 'YTozOntzOjY6Il90b2tlbiI7czo0MDoibWRUTVlqVFlwNXhNcnpsZUZzWEkxeDZHNzRnTkJjdmNmSnNPZzM5bCI7czo5OiJfcHJldmlvdXMiO2E6MTp7czozOiJ1cmwiO3M6ODoiaHR0cDovLzoiO31zOjY6Il9mbGFzaCI7YToyOntzOjM6Im9sZCI7YTowOnt9czozOiJuZXciO2E6MDp7fX19', 1679399763),
('Rvm0K7NWPz3vSfgGpuGHRLWdDRHWcDzQzbRx4Xkp', NULL, '127.0.0.1', 'Mozilla/5.0 (Macintosh; Intel Mac OS X 10_15_7) AppleWebKit/537.36 (KHTML, like Gecko) Chrome/111.0.0.0 Safari/537.36', 'YTo0OntzOjY6Il90b2tlbiI7czo0MDoiY3Q3OGZhMEk1NjV1bWE1ZEh2aDlXZ2VFM1VqZXNQYkdXT2lIWnBGeSI7czozOiJ1cmwiO2E6MTp7czo4OiJpbnRlbmRlZCI7czoxMjE6Imh0dHA6Ly9sb2NhbGhvc3Q6ODAwMC9jdXN0b21lci9maWxlLzcvSlA3Z1JxMDAvNDIyMDEtMTI1NDQwMC03LTE2NzkzODMwOTEtU2NyZWVuc2hvdCUyMDIwMjMtMDMtMjElMjBhdCUyMDcuNDkuNDYlMjBBTS5wbmciO31zOjk6Il9wcmV2aW91cyI7YToxOntzOjM6InVybCI7czoxMjE6Imh0dHA6Ly9sb2NhbGhvc3Q6ODAwMC9jdXN0b21lci9maWxlLzcvSlA3Z1JxMDAvNDIyMDEtMTI1NDQwMC03LTE2NzkzODMwOTEtU2NyZWVuc2hvdCUyMDIwMjMtMDMtMjElMjBhdCUyMDcuNDkuNDYlMjBBTS5wbmciO31zOjY6Il9mbGFzaCI7YToyOntzOjM6Im9sZCI7YTowOnt9czozOiJuZXciO2E6MDp7fX19', 1679400338),
('rz6oEF7d9Qtf9zci9KaWUQwT6IkMN2V5wVkQMD82', NULL, NULL, '', 'YTozOntzOjY6Il90b2tlbiI7czo0MDoick40QTE3aWE1SlpZTmh5MkI0dXk3bmg1QkpDVHJ4YU1oNmh4ekp4byI7czo5OiJfcHJldmlvdXMiO2E6MTp7czozOiJ1cmwiO3M6ODoiaHR0cDovLzoiO31zOjY6Il9mbGFzaCI7YToyOntzOjM6Im9sZCI7YTowOnt9czozOiJuZXciO2E6MDp7fX19', 1679400392),
('SNxNUwxlFIZ82u1iC2kvyIDj9vC9cvsskFmjYTB8', NULL, NULL, '', 'YTozOntzOjY6Il90b2tlbiI7czo0MDoidkdsMWJDZlhFVUV2ZmxmMW1WRllZVjJXeDlNVGpmYjNYVERtc1BvSyI7czo5OiJfcHJldmlvdXMiO2E6MTp7czozOiJ1cmwiO3M6ODoiaHR0cDovLzoiO31zOjY6Il9mbGFzaCI7YToyOntzOjM6Im9sZCI7YTowOnt9czozOiJuZXciO2E6MDp7fX19', 1679400854),
('t29klaGyuaWZPeWPw4VVv1rbcsRky4I33P6P0ufp', NULL, '127.0.0.1', 'Mozilla/5.0 (Macintosh; Intel Mac OS X 10_15_7) AppleWebKit/537.36 (KHTML, like Gecko) Chrome/111.0.0.0 Safari/537.36', 'YTo0OntzOjY6Il90b2tlbiI7czo0MDoieEtNSG9HcmFnRGZxOWFwM3VrQlZMVjljd1ZlTGdwM1l2T01mdGxyMSI7czozOiJ1cmwiO2E6MTp7czo4OiJpbnRlbmRlZCI7czoxMjE6Imh0dHA6Ly9sb2NhbGhvc3Q6ODAwMC9jdXN0b21lci9maWxlLzcvSlA3Z1JxMDAvNDIyMDEtMTI1NDQwMC03LTE2NzkzODMwOTEtU2NyZWVuc2hvdCUyMDIwMjMtMDMtMjElMjBhdCUyMDcuNDkuNDYlMjBBTS5wbmciO31zOjk6Il9wcmV2aW91cyI7YToxOntzOjM6InVybCI7czoxMjE6Imh0dHA6Ly9sb2NhbGhvc3Q6ODAwMC9jdXN0b21lci9maWxlLzcvSlA3Z1JxMDAvNDIyMDEtMTI1NDQwMC03LTE2NzkzODMwOTEtU2NyZWVuc2hvdCUyMDIwMjMtMDMtMjElMjBhdCUyMDcuNDkuNDYlMjBBTS5wbmciO31zOjY6Il9mbGFzaCI7YToyOntzOjM6Im9sZCI7YTowOnt9czozOiJuZXciO2E6MDp7fX19', 1679400375),
('TEF9mIX90P2HWsK8LFL4F3xBcWzgcjoN8LPLGro8', NULL, NULL, '', 'YTozOntzOjY6Il90b2tlbiI7czo0MDoiOU5oOFVOOXdLMnJSclBibUo2V2JaQnJZUUdHNVpxZjJpc2hPMjBMdCI7czo5OiJfcHJldmlvdXMiO2E6MTp7czozOiJ1cmwiO3M6ODoiaHR0cDovLzoiO31zOjY6Il9mbGFzaCI7YToyOntzOjM6Im9sZCI7YTowOnt9czozOiJuZXciO2E6MDp7fX19', 1679398754),
('tMEKYe8b5k8RNBqTX310WN2BQMwdxsYP0BArGcqg', NULL, NULL, '', 'YTozOntzOjY6Il90b2tlbiI7czo0MDoia09KNzhSRGJGWHB0TzJYaEdEVWFxckZmNk1kdXBnS05RQ1NvRm1aUSI7czo5OiJfcHJldmlvdXMiO2E6MTp7czozOiJ1cmwiO3M6ODoiaHR0cDovLzoiO31zOjY6Il9mbGFzaCI7YToyOntzOjM6Im9sZCI7YTowOnt9czozOiJuZXciO2E6MDp7fX19', 1679399916),
('tQ3bWTdHbpbYcDzhtixIiVneTjfyzHVAd2kQiSY8', NULL, NULL, '', 'YTozOntzOjY6Il90b2tlbiI7czo0MDoiVXdiekJKWXlMeXZsUFdVVlBPRjNiRlNHZUpKSVBRengxT1pOQW5EciI7czo5OiJfcHJldmlvdXMiO2E6MTp7czozOiJ1cmwiO3M6ODoiaHR0cDovLzoiO31zOjY6Il9mbGFzaCI7YToyOntzOjM6Im9sZCI7YTowOnt9czozOiJuZXciO2E6MDp7fX19', 1679399276),
('uCsaYGKG4RUPTurw2yxqeOYtvwgOwcgxaCqWYDtk', NULL, '127.0.0.1', 'Mozilla/5.0 (Macintosh; Intel Mac OS X 10_15_7) AppleWebKit/537.36 (KHTML, like Gecko) Chrome/111.0.0.0 Safari/537.36', 'YTozOntzOjY6Il90b2tlbiI7czo0MDoiWGRhT3p6QzhBM3lFUFN5REZYZkNtMjl2YkpjRmFObVpEOXVPd3N6MCI7czo5OiJfcHJldmlvdXMiO2E6MTp7czozOiJ1cmwiO3M6Mjc6Imh0dHA6Ly9sb2NhbGhvc3Q6ODAwMC9sb2dpbiI7fXM6NjoiX2ZsYXNoIjthOjI6e3M6Mzoib2xkIjthOjA6e31zOjM6Im5ldyI7YTowOnt9fX0=', 1679400207),
('Us07P96fX2PdPbSf5lCWf8WpolMcHFy6LM5F3LxE', NULL, NULL, '', 'YTozOntzOjY6Il90b2tlbiI7czo0MDoiRlhsMExmSFJVRUJuTHhMcDNUb2pYdU82bm10VzJJQ3BCd0lKcGRrcyI7czo5OiJfcHJldmlvdXMiO2E6MTp7czozOiJ1cmwiO3M6ODoiaHR0cDovLzoiO31zOjY6Il9mbGFzaCI7YToyOntzOjM6Im9sZCI7YTowOnt9czozOiJuZXciO2E6MDp7fX19', 1679400916),
('v47L65DpaC8gJYJTVQVsbDysQYGwslchGsnPP65m', NULL, NULL, '', 'YTozOntzOjY6Il90b2tlbiI7czo0MDoiWE01QktZVmx3dEtNelhsNjA5eU9vQm43dlZnbHJxZnRrMlpzVWFMWSI7czo5OiJfcHJldmlvdXMiO2E6MTp7czozOiJ1cmwiO3M6ODoiaHR0cDovLzoiO31zOjY6Il9mbGFzaCI7YToyOntzOjM6Im9sZCI7YTowOnt9czozOiJuZXciO2E6MDp7fX19', 1679398234),
('VXLTMt3pxNa8zUxjKmH5JaDB8lDNbb49TSj6DSwj', NULL, NULL, '', 'YTozOntzOjY6Il90b2tlbiI7czo0MDoiWmo1ZVk3WkZla3VGODlQSkF3bU1zejJ6ZWdUZDhUaERld2Y2b0NtZiI7czo5OiJfcHJldmlvdXMiO2E6MTp7czozOiJ1cmwiO3M6ODoiaHR0cDovLzoiO31zOjY6Il9mbGFzaCI7YToyOntzOjM6Im9sZCI7YTowOnt9czozOiJuZXciO2E6MDp7fX19', 1679400426),
('WANmybVvFdsDXpn8DUDtZZtoAmcIy5iiZIN1WINw', NULL, NULL, '', 'YTozOntzOjY6Il90b2tlbiI7czo0MDoidWFKejBqR3E3WHA0WlFXUWs2cWxhZXpqNGFrc0Y5dElCRHU1NHNOMiI7czo5OiJfcHJldmlvdXMiO2E6MTp7czozOiJ1cmwiO3M6ODoiaHR0cDovLzoiO31zOjY6Il9mbGFzaCI7YToyOntzOjM6Im9sZCI7YTowOnt9czozOiJuZXciO2E6MDp7fX19', 1679401051),
('wn9LN5f3vA3M9OeXHDoW23hQ3QLssLwc4atVz7AB', NULL, NULL, '', 'YTozOntzOjY6Il90b2tlbiI7czo0MDoibDlaMkdKaVhuYzZwQ2N2cmg4VU9Kb3FEa0V4Z2ZpWFZlR2JGZHo0RSI7czo5OiJfcHJldmlvdXMiO2E6MTp7czozOiJ1cmwiO3M6ODoiaHR0cDovLzoiO31zOjY6Il9mbGFzaCI7YToyOntzOjM6Im9sZCI7YTowOnt9czozOiJuZXciO2E6MDp7fX19', 1679399673),
('wOrbEn5L923P0skOyOLBaPgE1RVaoM1HclK9fpaS', NULL, NULL, '', 'YTozOntzOjY6Il90b2tlbiI7czo0MDoiNzFwN0I1YmpFNjdMSDR5a2s1WjJJcVRDTGNxTnlVS3k0YldKUWJ0VSI7czo5OiJfcHJldmlvdXMiO2E6MTp7czozOiJ1cmwiO3M6ODoiaHR0cDovLzoiO31zOjY6Il9mbGFzaCI7YToyOntzOjM6Im9sZCI7YTowOnt9czozOiJuZXciO2E6MDp7fX19', 1679399193),
('wPVbXLVj6Q3xx46RM39J2aAhMfTT2hoMs7BaGPxa', NULL, NULL, '', 'YTozOntzOjY6Il90b2tlbiI7czo0MDoiYnR5UGNOblhuM21xNVBRSFZtTUVrV3lVVHNkaU96R3VwMG5MbWx4UyI7czo5OiJfcHJldmlvdXMiO2E6MTp7czozOiJ1cmwiO3M6ODoiaHR0cDovLzoiO31zOjY6Il9mbGFzaCI7YToyOntzOjM6Im9sZCI7YTowOnt9czozOiJuZXciO2E6MDp7fX19', 1679399296),
('wxprrlpIMGddBHGsOZc2r8VndASmRIgMG5lrdeCC', NULL, NULL, '', 'YTozOntzOjY6Il90b2tlbiI7czo0MDoiYWY0ZGxQYVBPelhQRnpGVHVkRWh0SGhGNjk1enFHbkV0S1dNNEo1ciI7czo5OiJfcHJldmlvdXMiO2E6MTp7czozOiJ1cmwiO3M6ODoiaHR0cDovLzoiO31zOjY6Il9mbGFzaCI7YToyOntzOjM6Im9sZCI7YTowOnt9czozOiJuZXciO2E6MDp7fX19', 1679398610),
('XKaBE1ahtsNhDXMAjCv3DT6aVSbSXh3SxPuEAbVg', NULL, NULL, '', 'YTozOntzOjY6Il90b2tlbiI7czo0MDoiNGxNWFhYZndROXZlWDNsUkt3eEhZWURpNEV3cFBNZ1VGNThxVUlEcSI7czo5OiJfcHJldmlvdXMiO2E6MTp7czozOiJ1cmwiO3M6ODoiaHR0cDovLzoiO31zOjY6Il9mbGFzaCI7YToyOntzOjM6Im9sZCI7YTowOnt9czozOiJuZXciO2E6MDp7fX19', 1679400300),
('XPQTkZUoyIfXjZoZBY8xkgX1QpBryogMZWqxYzSD', NULL, '127.0.0.1', 'Mozilla/5.0 (Macintosh; Intel Mac OS X 10_15_7) AppleWebKit/537.36 (KHTML, like Gecko) Chrome/111.0.0.0 Safari/537.36', 'YTo0OntzOjY6Il90b2tlbiI7czo0MDoiZU1ObFoxY0drdUJib2t6eXJDUFM1NXRPd1JVdDVEeTczcGloejJ4dyI7czozOiJ1cmwiO2E6MTp7czo4OiJpbnRlbmRlZCI7czoxMTg6Imh0dHA6Ly9sb2NhbGhvc3Q6ODAwMC9hZG1pbi9maWxlLzcvbEwzTWdZc1MvNDIyMDEtMTI1NDQwMC03LTE2NzkzODMxNjEtU2NyZWVuc2hvdCUyMDIwMjMtMDMtMjElMjBhdCUyMDkuMjguMTAlMjBBTS5wbmciO31zOjk6Il9wcmV2aW91cyI7YToxOntzOjM6InVybCI7czoxMTg6Imh0dHA6Ly9sb2NhbGhvc3Q6ODAwMC9hZG1pbi9maWxlLzcvbEwzTWdZc1MvNDIyMDEtMTI1NDQwMC03LTE2NzkzODMxNjEtU2NyZWVuc2hvdCUyMDIwMjMtMDMtMjElMjBhdCUyMDkuMjguMTAlMjBBTS5wbmciO31zOjY6Il9mbGFzaCI7YToyOntzOjM6Im9sZCI7YTowOnt9czozOiJuZXciO2E6MDp7fX19', 1679400855),
('xYmDAeOqz3knZORjf0exVpN3FAV0CwFTvGtjihRK', NULL, '127.0.0.1', 'Mozilla/5.0 (Macintosh; Intel Mac OS X 10_15_7) AppleWebKit/537.36 (KHTML, like Gecko) Chrome/111.0.0.0 Safari/537.36', 'YTo0OntzOjY6Il90b2tlbiI7czo0MDoiUjRVWmlHUjNSMXg0cTBUMm5WandUZ3Z2TnByd2pMTDRFRE5oZHZTYyI7czozOiJ1cmwiO2E6MTp7czo4OiJpbnRlbmRlZCI7czoxMTg6Imh0dHA6Ly9sb2NhbGhvc3Q6ODAwMC9hZG1pbi9maWxlLzcvSlA3Z1JxMDAvNDIyMDEtMTI1NDQwMC03LTE2NzkzODMwOTEtU2NyZWVuc2hvdCUyMDIwMjMtMDMtMjElMjBhdCUyMDcuNDkuNDYlMjBBTS5wbmciO31zOjk6Il9wcmV2aW91cyI7YToxOntzOjM6InVybCI7czoxMTg6Imh0dHA6Ly9sb2NhbGhvc3Q6ODAwMC9hZG1pbi9maWxlLzcvSlA3Z1JxMDAvNDIyMDEtMTI1NDQwMC03LTE2NzkzODMwOTEtU2NyZWVuc2hvdCUyMDIwMjMtMDMtMjElMjBhdCUyMDcuNDkuNDYlMjBBTS5wbmciO31zOjY6Il9mbGFzaCI7YToyOntzOjM6Im9sZCI7YTowOnt9czozOiJuZXciO2E6MDp7fX19', 1679400207),
('y89Mb6efsEyzjgJK2CSwpL7DryKN8lDZkEXF9iqL', NULL, NULL, '', 'YTozOntzOjY6Il90b2tlbiI7czo0MDoiZXRhNjMyR3M2cTladlRZQndJRnBxZGJFOHdLajVuMWtuTXBkZ1pLUiI7czo5OiJfcHJldmlvdXMiO2E6MTp7czozOiJ1cmwiO3M6ODoiaHR0cDovLzoiO31zOjY6Il9mbGFzaCI7YToyOntzOjM6Im9sZCI7YTowOnt9czozOiJuZXciO2E6MDp7fX19', 1679398985),
('YURfdD93fHAdlbGH6vOyR9pomQynK9s3jnRwUPci', NULL, '127.0.0.1', 'Mozilla/5.0 (Macintosh; Intel Mac OS X 10_15_7) AppleWebKit/537.36 (KHTML, like Gecko) Chrome/111.0.0.0 Safari/537.36', 'YTo0OntzOjY6Il90b2tlbiI7czo0MDoiQTRYVlRMR0IwMHNiSEd5T3NRRGRFWXdLTDl4TThUajFVcTE2cEtqMiI7czozOiJ1cmwiO2E6MTp7czo4OiJpbnRlbmRlZCI7czoxMTg6Imh0dHA6Ly9sb2NhbGhvc3Q6ODAwMC9hZG1pbi9maWxlLzcvSlA3Z1JxMDAvNDIyMDEtMTI1NDQwMC03LTE2NzkzODMwOTEtU2NyZWVuc2hvdCUyMDIwMjMtMDMtMjElMjBhdCUyMDcuNDkuNDYlMjBBTS5wbmciO31zOjk6Il9wcmV2aW91cyI7YToxOntzOjM6InVybCI7czoxMTg6Imh0dHA6Ly9sb2NhbGhvc3Q6ODAwMC9hZG1pbi9maWxlLzcvSlA3Z1JxMDAvNDIyMDEtMTI1NDQwMC03LTE2NzkzODMwOTEtU2NyZWVuc2hvdCUyMDIwMjMtMDMtMjElMjBhdCUyMDcuNDkuNDYlMjBBTS5wbmciO31zOjY6Il9mbGFzaCI7YToyOntzOjM6Im9sZCI7YTowOnt9czozOiJuZXciO2E6MDp7fX19', 1679400268);

-- --------------------------------------------------------

--
-- Table structure for table `settings`
--

CREATE TABLE `settings` (
  `id` int(10) UNSIGNED NOT NULL,
  `key` varchar(191) COLLATE utf8mb4_unicode_ci NOT NULL,
  `display_name` varchar(191) COLLATE utf8mb4_unicode_ci NOT NULL,
  `value` text COLLATE utf8mb4_unicode_ci DEFAULT NULL,
  `details` text COLLATE utf8mb4_unicode_ci DEFAULT NULL,
  `type` varchar(191) COLLATE utf8mb4_unicode_ci NOT NULL,
  `order` int(11) NOT NULL DEFAULT 1,
  `group` varchar(191) COLLATE utf8mb4_unicode_ci DEFAULT NULL
) ENGINE=InnoDB DEFAULT CHARSET=utf8mb4 COLLATE=utf8mb4_unicode_ci;

--
-- Dumping data for table `settings`
--

INSERT INTO `settings` (`id`, `key`, `display_name`, `value`, `details`, `type`, `order`, `group`) VALUES
(1, 'site.title', 'Site Title', 'Site Title', '', 'text', 1, 'Site'),
(2, 'site.description', 'Site Description', 'Site Description', '', 'text', 2, 'Site'),
(3, 'site.logo', 'Site Logo', '', '', 'image', 3, 'Site'),
(4, 'site.google_analytics_tracking_id', 'Google Analytics Tracking ID', '', '', 'text', 4, 'Site'),
(5, 'admin.bg_image', 'Admin Background Image', '', '', 'image', 5, 'Admin'),
(6, 'admin.title', 'Admin Title', 'Voyager', '', 'text', 1, 'Admin'),
(7, 'admin.description', 'Admin Description', 'Welcome to Voyager. The Missing Admin for Laravel', '', 'text', 2, 'Admin'),
(8, 'admin.loader', 'Admin Loader', '', '', 'image', 3, 'Admin'),
(9, 'admin.icon_image', 'Admin Icon Image', '', '', 'image', 4, 'Admin'),
(10, 'admin.google_analytics_client_id', 'Google Analytics Client ID (used for admin dashboard)', '', '', 'text', 1, 'Admin');

-- --------------------------------------------------------

--
-- Table structure for table `statuses`
--

CREATE TABLE `statuses` (
  `id` bigint(20) UNSIGNED NOT NULL,
  `status` varchar(191) COLLATE utf8mb4_unicode_ci NOT NULL,
  `created_at` timestamp NULL DEFAULT NULL,
  `updated_at` timestamp NULL DEFAULT NULL
) ENGINE=InnoDB DEFAULT CHARSET=utf8mb4 COLLATE=utf8mb4_unicode_ci;

--
-- Dumping data for table `statuses`
--

INSERT INTO `statuses` (`id`, `status`, `created_at`, `updated_at`) VALUES
(1, 'initiated', '2020-05-02 14:36:18', '2020-05-02 14:36:18'),
(2, 'on way', '2020-05-02 14:36:18', '2020-05-02 14:36:18'),
(3, 'delivered', '2020-05-02 14:36:18', '2020-05-02 14:36:18'),
(4, 'canceled', '2020-05-02 14:36:18', '2020-05-02 14:36:18'),
(5, 'returned', '2020-05-02 14:36:18', '2020-05-02 14:36:18');

-- --------------------------------------------------------

--
-- Table structure for table `tests`
--

CREATE TABLE `tests` (
  `id` bigint(20) UNSIGNED NOT NULL,
  `created_at` timestamp NULL DEFAULT NULL,
  `updated_at` timestamp NULL DEFAULT NULL
) ENGINE=InnoDB DEFAULT CHARSET=utf8mb4 COLLATE=utf8mb4_unicode_ci;

-- --------------------------------------------------------

--
-- Table structure for table `translations`
--

CREATE TABLE `translations` (
  `id` int(10) UNSIGNED NOT NULL,
  `table_name` varchar(191) COLLATE utf8mb4_unicode_ci NOT NULL,
  `column_name` varchar(191) COLLATE utf8mb4_unicode_ci NOT NULL,
  `foreign_key` int(10) UNSIGNED NOT NULL,
  `locale` varchar(191) COLLATE utf8mb4_unicode_ci NOT NULL,
  `value` text COLLATE utf8mb4_unicode_ci NOT NULL,
  `created_at` timestamp NULL DEFAULT NULL,
  `updated_at` timestamp NULL DEFAULT NULL
) ENGINE=InnoDB DEFAULT CHARSET=utf8mb4 COLLATE=utf8mb4_unicode_ci;

--
-- Dumping data for table `translations`
--

INSERT INTO `translations` (`id`, `table_name`, `column_name`, `foreign_key`, `locale`, `value`, `created_at`, `updated_at`) VALUES
(1, 'data_types', 'display_name_singular', 5, 'pt', 'Post', '2023-03-21 03:35:01', '2023-03-21 03:35:01'),
(2, 'data_types', 'display_name_singular', 6, 'pt', 'Pgina', '2023-03-21 03:35:01', '2023-03-21 03:35:01'),
(3, 'data_types', 'display_name_singular', 1, 'pt', 'Utilizador', '2023-03-21 03:35:01', '2023-03-21 03:35:01'),
(4, 'data_types', 'display_name_singular', 4, 'pt', 'Categoria', '2023-03-21 03:35:01', '2023-03-21 03:35:01'),
(5, 'data_types', 'display_name_singular', 2, 'pt', 'Menu', '2023-03-21 03:35:01', '2023-03-21 03:35:01'),
(6, 'data_types', 'display_name_singular', 3, 'pt', 'Funo', '2023-03-21 03:35:01', '2023-03-21 03:35:01'),
(7, 'data_types', 'display_name_plural', 5, 'pt', 'Posts', '2023-03-21 03:35:01', '2023-03-21 03:35:01'),
(8, 'data_types', 'display_name_plural', 6, 'pt', 'Pginas', '2023-03-21 03:35:01', '2023-03-21 03:35:01'),
(9, 'data_types', 'display_name_plural', 1, 'pt', 'Utilizadores', '2023-03-21 03:35:01', '2023-03-21 03:35:01'),
(10, 'data_types', 'display_name_plural', 4, 'pt', 'Categorias', '2023-03-21 03:35:01', '2023-03-21 03:35:01'),
(11, 'data_types', 'display_name_plural', 2, 'pt', 'Menus', '2023-03-21 03:35:01', '2023-03-21 03:35:01'),
(12, 'data_types', 'display_name_plural', 3, 'pt', 'Funes', '2023-03-21 03:35:01', '2023-03-21 03:35:01'),
(13, 'categories', 'slug', 1, 'pt', 'categoria-1', '2023-03-21 03:35:01', '2023-03-21 03:35:01'),
(14, 'categories', 'name', 1, 'pt', 'Categoria 1', '2023-03-21 03:35:01', '2023-03-21 03:35:01'),
(15, 'categories', 'slug', 2, 'pt', 'categoria-2', '2023-03-21 03:35:01', '2023-03-21 03:35:01'),
(16, 'categories', 'name', 2, 'pt', 'Categoria 2', '2023-03-21 03:35:01', '2023-03-21 03:35:01'),
(17, 'pages', 'title', 1, 'pt', 'Ol Mundo', '2023-03-21 03:35:01', '2023-03-21 03:35:01'),
(18, 'pages', 'slug', 1, 'pt', 'ola-mundo', '2023-03-21 03:35:01', '2023-03-21 03:35:01'),
(19, 'pages', 'body', 1, 'pt', '<p>Ol Mundo. Scallywag grog swab Cat o\'nine tails scuttle rigging hardtack cable nipper Yellow Jack. Handsomely spirits knave lad killick landlubber or just lubber deadlights chantey pinnace crack Jennys tea cup. Provost long clothes black spot Yellow Jack bilged on her anchor league lateen sail case shot lee tackle.</p>\r\n<p>Ballast spirits fluke topmast me quarterdeck schooner landlubber or just lubber gabion belaying pin. Pinnace stern galleon starboard warp carouser to go on account dance the hempen jig jolly boat measured fer yer chains. Man-of-war fire in the hole nipperkin handsomely doubloon barkadeer Brethren of the Coast gibbet driver squiffy.</p>', '2023-03-21 03:35:01', '2023-03-21 03:35:01'),
(20, 'menu_items', 'title', 1, 'pt', 'Painel de Controle', '2023-03-21 03:35:01', '2023-03-21 03:35:01'),
(21, 'menu_items', 'title', 2, 'pt', 'Media', '2023-03-21 03:35:01', '2023-03-21 03:35:01'),
(22, 'menu_items', 'title', 12, 'pt', 'Publicaes', '2023-03-21 03:35:01', '2023-03-21 03:35:01'),
(23, 'menu_items', 'title', 3, 'pt', 'Utilizadores', '2023-03-21 03:35:01', '2023-03-21 03:35:01'),
(24, 'menu_items', 'title', 11, 'pt', 'Categorias', '2023-03-21 03:35:01', '2023-03-21 03:35:01'),
(25, 'menu_items', 'title', 13, 'pt', 'Pginas', '2023-03-21 03:35:01', '2023-03-21 03:35:01'),
(26, 'menu_items', 'title', 4, 'pt', 'Funes', '2023-03-21 03:35:01', '2023-03-21 03:35:01'),
(27, 'menu_items', 'title', 5, 'pt', 'Ferramentas', '2023-03-21 03:35:01', '2023-03-21 03:35:01'),
(28, 'menu_items', 'title', 6, 'pt', 'Menus', '2023-03-21 03:35:01', '2023-03-21 03:35:01'),
(29, 'menu_items', 'title', 7, 'pt', 'Base de dados', '2023-03-21 03:35:01', '2023-03-21 03:35:01'),
(30, 'menu_items', 'title', 10, 'pt', 'Configuraes', '2023-03-21 03:35:01', '2023-03-21 03:35:01');

-- --------------------------------------------------------

--
-- Table structure for table `users`
--

CREATE TABLE `users` (
  `id` bigint(20) UNSIGNED NOT NULL,
  `role_id` bigint(20) UNSIGNED DEFAULT NULL,
  `name` varchar(191) COLLATE utf8mb4_unicode_ci NOT NULL,
  `email` varchar(191) COLLATE utf8mb4_unicode_ci NOT NULL,
  `avatar` varchar(191) COLLATE utf8mb4_unicode_ci DEFAULT 'users/default.png',
  `account_code` bigint(20) UNSIGNED NOT NULL,
  `email_verified_at` timestamp NULL DEFAULT NULL,
  `password` varchar(191) COLLATE utf8mb4_unicode_ci NOT NULL,
  `originality_verified` tinyint(1) NOT NULL DEFAULT 0,
  `remember_token` varchar(100) COLLATE utf8mb4_unicode_ci DEFAULT NULL,
  `settings` text COLLATE utf8mb4_unicode_ci DEFAULT NULL,
  `created_at` timestamp NULL DEFAULT NULL,
  `updated_at` timestamp NULL DEFAULT NULL,
  `mobile` varchar(191) COLLATE utf8mb4_unicode_ci NOT NULL,
  `cnic` varchar(191) COLLATE utf8mb4_unicode_ci NOT NULL,
  `address` varchar(191) COLLATE utf8mb4_unicode_ci NOT NULL
) ENGINE=InnoDB DEFAULT CHARSET=utf8mb4 COLLATE=utf8mb4_unicode_ci;

--
-- Dumping data for table `users`
--

INSERT INTO `users` (`id`, `role_id`, `name`, `email`, `avatar`, `account_code`, `email_verified_at`, `password`, `originality_verified`, `remember_token`, `settings`, `created_at`, `updated_at`, `mobile`, `cnic`, `address`) VALUES
(4, 1, 'Admin', 'admin@admin.com', 'users/default.png', 0, NULL, '$2y$10$1ThyWAIiYz68bCHoHHRrauQQee/M8WGrVaOadYgsjHjemYNRXcWGG', 0, 'xjIZVVaqxtmaEwj8BYA7VjtEkOk20DvBM6GIly9ZQQuSOd4ORZ4Ae3s16fhl', NULL, '2023-03-21 03:47:35', '2023-03-21 03:47:35', '03119911223', '4220112544007', 'admin address'),
(7, 2, 'affan younus', 'affan_94@hotmail.com', 'users/default.png', 1000, NULL, '$2y$10$1ThyWAIiYz68bCHoHHRrauQQee/M8WGrVaOadYgsjHjemYNRXcWGG', 3, NULL, NULL, '2023-03-21 07:08:19', '2023-03-21 12:19:01', '03462236136', '42201-1254400-7', 'House 79 Amirabad Model Colony');

-- --------------------------------------------------------

--
-- Table structure for table `users_roles`
--

CREATE TABLE `users_roles` (
  `id` bigint(20) UNSIGNED NOT NULL,
  `role` varchar(191) COLLATE utf8mb4_unicode_ci NOT NULL,
  `created_at` timestamp NULL DEFAULT NULL,
  `updated_at` timestamp NULL DEFAULT NULL
) ENGINE=InnoDB DEFAULT CHARSET=utf8mb4 COLLATE=utf8mb4_unicode_ci;

--
-- Dumping data for table `users_roles`
--

INSERT INTO `users_roles` (`id`, `role`, `created_at`, `updated_at`) VALUES
(1, 'admin', '2020-05-02 14:36:18', '2020-05-02 14:36:18'),
(2, 'delivery-boy', '2020-05-02 14:36:18', '2020-05-02 14:36:18'),
(3, 'customer', '2020-05-02 14:36:18', '2020-05-02 14:36:18');

-- --------------------------------------------------------

--
-- Table structure for table `user_personal_data`
--

CREATE TABLE `user_personal_data` (
  `id` bigint(20) UNSIGNED NOT NULL,
  `user_id` bigint(20) UNSIGNED NOT NULL,
  `bill_file_name` varchar(191) COLLATE utf8mb4_unicode_ci DEFAULT NULL,
  `cnic_file_name` varchar(191) COLLATE utf8mb4_unicode_ci DEFAULT NULL,
  `bill_request_confirmation` tinyint(1) DEFAULT NULL,
  `cnic_request_confirmation` tinyint(1) DEFAULT NULL,
  `created_at` timestamp NULL DEFAULT NULL,
  `updated_at` timestamp NULL DEFAULT NULL
) ENGINE=InnoDB DEFAULT CHARSET=utf8mb4 COLLATE=utf8mb4_unicode_ci;

--
-- Dumping data for table `user_personal_data`
--

INSERT INTO `user_personal_data` (`id`, `user_id`, `bill_file_name`, `cnic_file_name`, `bill_request_confirmation`, `cnic_request_confirmation`, `created_at`, `updated_at`) VALUES
(2, 7, '42201-1254400-7-1679383091-Screenshot 2023-03-21 at 7.49.46 AM.png', '42201-1254400-7-1679383161-Screenshot 2023-03-21 at 9.28.10 AM.png', 1, 1, '2023-03-21 07:18:11', '2023-03-21 07:19:21');

-- --------------------------------------------------------

--
-- Table structure for table `user_roles`
--

CREATE TABLE `user_roles` (
  `user_id` bigint(20) UNSIGNED NOT NULL,
  `role_id` bigint(20) UNSIGNED NOT NULL
) ENGINE=InnoDB DEFAULT CHARSET=utf8mb4 COLLATE=utf8mb4_unicode_ci;

--
-- Indexes for dumped tables
--

--
-- Indexes for table `accountdetails`
--
ALTER TABLE `accountdetails`
  ADD PRIMARY KEY (`id`),
  ADD KEY `accountdetails_user_id_foreign` (`user_id`);

--
-- Indexes for table `addresslogs`
--
ALTER TABLE `addresslogs`
  ADD PRIMARY KEY (`id`),
  ADD UNIQUE KEY `addresslogs_consignee_alias_unique` (`consignee_alias`),
  ADD KEY `addresslogs_user_id_foreign` (`user_id`),
  ADD KEY `addresslogs_city_id_foreign` (`city_id`);

--
-- Indexes for table `categories`
--
ALTER TABLE `categories`
  ADD PRIMARY KEY (`id`),
  ADD UNIQUE KEY `categories_slug_unique` (`slug`),
  ADD KEY `categories_parent_id_foreign` (`parent_id`);

--
-- Indexes for table `cities`
--
ALTER TABLE `cities`
  ADD PRIMARY KEY (`id`);

--
-- Indexes for table `contacts`
--
ALTER TABLE `contacts`
  ADD PRIMARY KEY (`id`);

--
-- Indexes for table `data_rows`
--
ALTER TABLE `data_rows`
  ADD PRIMARY KEY (`id`),
  ADD KEY `data_rows_data_type_id_foreign` (`data_type_id`);

--
-- Indexes for table `data_types`
--
ALTER TABLE `data_types`
  ADD PRIMARY KEY (`id`),
  ADD UNIQUE KEY `data_types_name_unique` (`name`),
  ADD UNIQUE KEY `data_types_slug_unique` (`slug`);

--
-- Indexes for table `failed_jobs`
--
ALTER TABLE `failed_jobs`
  ADD PRIMARY KEY (`id`);

--
-- Indexes for table `menus`
--
ALTER TABLE `menus`
  ADD PRIMARY KEY (`id`),
  ADD UNIQUE KEY `menus_name_unique` (`name`);

--
-- Indexes for table `menu_items`
--
ALTER TABLE `menu_items`
  ADD PRIMARY KEY (`id`),
  ADD KEY `menu_items_menu_id_foreign` (`menu_id`);

--
-- Indexes for table `migrations`
--
ALTER TABLE `migrations`
  ADD PRIMARY KEY (`id`);

--
-- Indexes for table `news`
--
ALTER TABLE `news`
  ADD PRIMARY KEY (`id`);

--
-- Indexes for table `originalities`
--
ALTER TABLE `originalities`
  ADD PRIMARY KEY (`id`);

--
-- Indexes for table `pages`
--
ALTER TABLE `pages`
  ADD PRIMARY KEY (`id`),
  ADD UNIQUE KEY `pages_slug_unique` (`slug`);

--
-- Indexes for table `parcels`
--
ALTER TABLE `parcels`
  ADD PRIMARY KEY (`id`),
  ADD KEY `parcels_user_id_foreign` (`user_id`),
  ADD KEY `parcels_city_id_foreign` (`city_id`);

--
-- Indexes for table `parcel_status`
--
ALTER TABLE `parcel_status`
  ADD PRIMARY KEY (`id`),
  ADD KEY `parcel_status_parcel_id_foreign` (`parcel_id`),
  ADD KEY `parcel_status_status_id_foreign` (`status_id`);

--
-- Indexes for table `password_resets`
--
ALTER TABLE `password_resets`
  ADD KEY `password_resets_email_index` (`email`);

--
-- Indexes for table `permissions`
--
ALTER TABLE `permissions`
  ADD PRIMARY KEY (`id`),
  ADD KEY `permissions_key_index` (`key`);

--
-- Indexes for table `permission_role`
--
ALTER TABLE `permission_role`
  ADD PRIMARY KEY (`permission_id`,`role_id`),
  ADD KEY `permission_role_permission_id_index` (`permission_id`),
  ADD KEY `permission_role_role_id_index` (`role_id`);

--
-- Indexes for table `personal_access_tokens`
--
ALTER TABLE `personal_access_tokens`
  ADD PRIMARY KEY (`id`),
  ADD UNIQUE KEY `personal_access_tokens_token_unique` (`token`),
  ADD KEY `personal_access_tokens_tokenable_type_tokenable_id_index` (`tokenable_type`,`tokenable_id`);

--
-- Indexes for table `posts`
--
ALTER TABLE `posts`
  ADD PRIMARY KEY (`id`),
  ADD UNIQUE KEY `posts_slug_unique` (`slug`);

--
-- Indexes for table `roles`
--
ALTER TABLE `roles`
  ADD PRIMARY KEY (`id`),
  ADD UNIQUE KEY `roles_name_unique` (`name`);

--
-- Indexes for table `sessions`
--
ALTER TABLE `sessions`
  ADD UNIQUE KEY `sessions_id_unique` (`id`);

--
-- Indexes for table `settings`
--
ALTER TABLE `settings`
  ADD PRIMARY KEY (`id`),
  ADD UNIQUE KEY `settings_key_unique` (`key`);

--
-- Indexes for table `statuses`
--
ALTER TABLE `statuses`
  ADD PRIMARY KEY (`id`);

--
-- Indexes for table `tests`
--
ALTER TABLE `tests`
  ADD PRIMARY KEY (`id`);

--
-- Indexes for table `translations`
--
ALTER TABLE `translations`
  ADD PRIMARY KEY (`id`),
  ADD UNIQUE KEY `translations_table_name_column_name_foreign_key_locale_unique` (`table_name`,`column_name`,`foreign_key`,`locale`);

--
-- Indexes for table `users`
--
ALTER TABLE `users`
  ADD PRIMARY KEY (`id`),
  ADD UNIQUE KEY `users_email_unique` (`email`),
  ADD UNIQUE KEY `users_cnic_unique` (`cnic`),
  ADD KEY `users_role_id_foreign` (`role_id`);

--
-- Indexes for table `users_roles`
--
ALTER TABLE `users_roles`
  ADD PRIMARY KEY (`id`);

--
-- Indexes for table `user_personal_data`
--
ALTER TABLE `user_personal_data`
  ADD PRIMARY KEY (`id`),
  ADD KEY `user_personal_data_user_id_foreign` (`user_id`);

--
-- Indexes for table `user_roles`
--
ALTER TABLE `user_roles`
  ADD PRIMARY KEY (`user_id`,`role_id`),
  ADD KEY `user_roles_user_id_index` (`user_id`),
  ADD KEY `user_roles_role_id_index` (`role_id`);

--
-- AUTO_INCREMENT for dumped tables
--

--
-- AUTO_INCREMENT for table `accountdetails`
--
ALTER TABLE `accountdetails`
  MODIFY `id` bigint(20) UNSIGNED NOT NULL AUTO_INCREMENT, AUTO_INCREMENT=3;

--
-- AUTO_INCREMENT for table `addresslogs`
--
ALTER TABLE `addresslogs`
  MODIFY `id` bigint(20) UNSIGNED NOT NULL AUTO_INCREMENT, AUTO_INCREMENT=3;

--
-- AUTO_INCREMENT for table `categories`
--
ALTER TABLE `categories`
  MODIFY `id` int(10) UNSIGNED NOT NULL AUTO_INCREMENT, AUTO_INCREMENT=3;

--
-- AUTO_INCREMENT for table `cities`
--
ALTER TABLE `cities`
  MODIFY `id` bigint(20) UNSIGNED NOT NULL AUTO_INCREMENT, AUTO_INCREMENT=467;

--
-- AUTO_INCREMENT for table `contacts`
--
ALTER TABLE `contacts`
  MODIFY `id` bigint(20) UNSIGNED NOT NULL AUTO_INCREMENT;

--
-- AUTO_INCREMENT for table `data_rows`
--
ALTER TABLE `data_rows`
  MODIFY `id` int(10) UNSIGNED NOT NULL AUTO_INCREMENT, AUTO_INCREMENT=56;

--
-- AUTO_INCREMENT for table `data_types`
--
ALTER TABLE `data_types`
  MODIFY `id` int(10) UNSIGNED NOT NULL AUTO_INCREMENT, AUTO_INCREMENT=7;

--
-- AUTO_INCREMENT for table `failed_jobs`
--
ALTER TABLE `failed_jobs`
  MODIFY `id` bigint(20) UNSIGNED NOT NULL AUTO_INCREMENT;

--
-- AUTO_INCREMENT for table `menus`
--
ALTER TABLE `menus`
  MODIFY `id` int(10) UNSIGNED NOT NULL AUTO_INCREMENT, AUTO_INCREMENT=2;

--
-- AUTO_INCREMENT for table `menu_items`
--
ALTER TABLE `menu_items`
  MODIFY `id` int(10) UNSIGNED NOT NULL AUTO_INCREMENT, AUTO_INCREMENT=14;

--
-- AUTO_INCREMENT for table `migrations`
--
ALTER TABLE `migrations`
  MODIFY `id` int(10) UNSIGNED NOT NULL AUTO_INCREMENT, AUTO_INCREMENT=64;

--
-- AUTO_INCREMENT for table `news`
--
ALTER TABLE `news`
  MODIFY `id` bigint(20) UNSIGNED NOT NULL AUTO_INCREMENT;

--
-- AUTO_INCREMENT for table `originalities`
--
ALTER TABLE `originalities`
  MODIFY `id` bigint(20) UNSIGNED NOT NULL AUTO_INCREMENT, AUTO_INCREMENT=5;

--
-- AUTO_INCREMENT for table `pages`
--
ALTER TABLE `pages`
  MODIFY `id` int(10) UNSIGNED NOT NULL AUTO_INCREMENT, AUTO_INCREMENT=2;

--
-- AUTO_INCREMENT for table `parcels`
--
ALTER TABLE `parcels`
  MODIFY `id` bigint(20) UNSIGNED NOT NULL AUTO_INCREMENT, AUTO_INCREMENT=5;

--
-- AUTO_INCREMENT for table `parcel_status`
--
ALTER TABLE `parcel_status`
  MODIFY `id` bigint(20) UNSIGNED NOT NULL AUTO_INCREMENT, AUTO_INCREMENT=12;

--
-- AUTO_INCREMENT for table `permissions`
--
ALTER TABLE `permissions`
  MODIFY `id` bigint(20) UNSIGNED NOT NULL AUTO_INCREMENT, AUTO_INCREMENT=41;

--
-- AUTO_INCREMENT for table `personal_access_tokens`
--
ALTER TABLE `personal_access_tokens`
  MODIFY `id` bigint(20) UNSIGNED NOT NULL AUTO_INCREMENT;

--
-- AUTO_INCREMENT for table `posts`
--
ALTER TABLE `posts`
  MODIFY `id` int(10) UNSIGNED NOT NULL AUTO_INCREMENT, AUTO_INCREMENT=5;

--
-- AUTO_INCREMENT for table `roles`
--
ALTER TABLE `roles`
  MODIFY `id` bigint(20) UNSIGNED NOT NULL AUTO_INCREMENT, AUTO_INCREMENT=3;

--
-- AUTO_INCREMENT for table `settings`
--
ALTER TABLE `settings`
  MODIFY `id` int(10) UNSIGNED NOT NULL AUTO_INCREMENT, AUTO_INCREMENT=11;

--
-- AUTO_INCREMENT for table `statuses`
--
ALTER TABLE `statuses`
  MODIFY `id` bigint(20) UNSIGNED NOT NULL AUTO_INCREMENT, AUTO_INCREMENT=6;

--
-- AUTO_INCREMENT for table `tests`
--
ALTER TABLE `tests`
  MODIFY `id` bigint(20) UNSIGNED NOT NULL AUTO_INCREMENT;

--
-- AUTO_INCREMENT for table `translations`
--
ALTER TABLE `translations`
  MODIFY `id` int(10) UNSIGNED NOT NULL AUTO_INCREMENT, AUTO_INCREMENT=31;

--
-- AUTO_INCREMENT for table `users`
--
ALTER TABLE `users`
  MODIFY `id` bigint(20) UNSIGNED NOT NULL AUTO_INCREMENT, AUTO_INCREMENT=8;

--
-- AUTO_INCREMENT for table `users_roles`
--
ALTER TABLE `users_roles`
  MODIFY `id` bigint(20) UNSIGNED NOT NULL AUTO_INCREMENT, AUTO_INCREMENT=4;

--
-- AUTO_INCREMENT for table `user_personal_data`
--
ALTER TABLE `user_personal_data`
  MODIFY `id` bigint(20) UNSIGNED NOT NULL AUTO_INCREMENT, AUTO_INCREMENT=3;

--
-- Constraints for dumped tables
--

--
-- Constraints for table `accountdetails`
--
ALTER TABLE `accountdetails`
  ADD CONSTRAINT `accountdetails_user_id_foreign` FOREIGN KEY (`user_id`) REFERENCES `users` (`id`) ON DELETE CASCADE;

--
-- Constraints for table `addresslogs`
--
ALTER TABLE `addresslogs`
  ADD CONSTRAINT `addresslogs_city_id_foreign` FOREIGN KEY (`city_id`) REFERENCES `cities` (`id`) ON DELETE CASCADE,
  ADD CONSTRAINT `addresslogs_user_id_foreign` FOREIGN KEY (`user_id`) REFERENCES `users` (`id`) ON DELETE CASCADE;

--
-- Constraints for table `categories`
--
ALTER TABLE `categories`
  ADD CONSTRAINT `categories_parent_id_foreign` FOREIGN KEY (`parent_id`) REFERENCES `categories` (`id`) ON DELETE SET NULL ON UPDATE CASCADE;

--
-- Constraints for table `data_rows`
--
ALTER TABLE `data_rows`
  ADD CONSTRAINT `data_rows_data_type_id_foreign` FOREIGN KEY (`data_type_id`) REFERENCES `data_types` (`id`) ON DELETE CASCADE ON UPDATE CASCADE;

--
-- Constraints for table `menu_items`
--
ALTER TABLE `menu_items`
  ADD CONSTRAINT `menu_items_menu_id_foreign` FOREIGN KEY (`menu_id`) REFERENCES `menus` (`id`) ON DELETE CASCADE;

--
-- Constraints for table `parcels`
--
ALTER TABLE `parcels`
  ADD CONSTRAINT `parcels_city_id_foreign` FOREIGN KEY (`city_id`) REFERENCES `cities` (`id`) ON DELETE CASCADE,
  ADD CONSTRAINT `parcels_user_id_foreign` FOREIGN KEY (`user_id`) REFERENCES `users` (`id`) ON DELETE CASCADE;

--
-- Constraints for table `parcel_status`
--
ALTER TABLE `parcel_status`
  ADD CONSTRAINT `parcel_status_parcel_id_foreign` FOREIGN KEY (`parcel_id`) REFERENCES `parcels` (`id`) ON DELETE CASCADE,
  ADD CONSTRAINT `parcel_status_status_id_foreign` FOREIGN KEY (`status_id`) REFERENCES `statuses` (`id`) ON DELETE CASCADE;

--
-- Constraints for table `permission_role`
--
ALTER TABLE `permission_role`
  ADD CONSTRAINT `permission_role_permission_id_foreign` FOREIGN KEY (`permission_id`) REFERENCES `permissions` (`id`) ON DELETE CASCADE,
  ADD CONSTRAINT `permission_role_role_id_foreign` FOREIGN KEY (`role_id`) REFERENCES `roles` (`id`) ON DELETE CASCADE;

--
-- Constraints for table `users`
--
ALTER TABLE `users`
  ADD CONSTRAINT `users_role_id_foreign` FOREIGN KEY (`role_id`) REFERENCES `roles` (`id`);

--
-- Constraints for table `user_personal_data`
--
ALTER TABLE `user_personal_data`
  ADD CONSTRAINT `user_personal_data_user_id_foreign` FOREIGN KEY (`user_id`) REFERENCES `users` (`id`) ON DELETE CASCADE;

--
-- Constraints for table `user_roles`
--
ALTER TABLE `user_roles`
  ADD CONSTRAINT `user_roles_role_id_foreign` FOREIGN KEY (`role_id`) REFERENCES `roles` (`id`) ON DELETE CASCADE,
  ADD CONSTRAINT `user_roles_user_id_foreign` FOREIGN KEY (`user_id`) REFERENCES `users` (`id`) ON DELETE CASCADE;
COMMIT;

/*!40101 SET CHARACTER_SET_CLIENT=@OLD_CHARACTER_SET_CLIENT */;
/*!40101 SET CHARACTER_SET_RESULTS=@OLD_CHARACTER_SET_RESULTS */;
/*!40101 SET COLLATION_CONNECTION=@OLD_COLLATION_CONNECTION */;
